plot_id,predicted_yield_tons_per_ha
PLOT-017296,3.4099409980963107
PLOT-017259,2.5915110318334786
PLOT-016178,2.761587973914883
PLOT-018610,3.0209591100749464
PLOT-015109,2.3821743448968147
PLOT-016351,2.9804771997473
PLOT-017917,1.5723096574613924
PLOT-016422,2.4501284779825143
PLOT-018085,3.1858972218824957
PLOT-015051,3.379586484294871
PLOT-018124,1.1982349745008887
PLOT-016442,2.73055731595704
PLOT-016032,1.5757454683666903
PLOT-016414,3.5482192862653155
PLOT-018385,3.130612535110728
PLOT-015539,7.094585547834697
PLOT-018115,4.062375966107501
PLOT-017927,2.9128304054322753
PLOT-015687,3.025912781520906
PLOT-015584,1.1197069369939543
PLOT-015219,2.2947695217122406
PLOT-016803,2.6482741453852596
PLOT-015474,1.7660878145889867
PLOT-017984,2.7999672042863435
PLOT-017147,2.393722593833108
PLOT-017440,1.826329586113127
PLOT-018208,1.8475007934729388
PLOT-016703,1.5813321022262954
PLOT-015643,1.7934266527770615
PLOT-016058,2.157567297559473
PLOT-015075,0.9950768094562872
PLOT-016661,0.9690705381222042
PLOT-018508,5.951300964418347
PLOT-017437,2.4561729861012447
PLOT-017258,2.986048867190635
PLOT-017063,3.1820394790925715
PLOT-017838,3.5265782463498967
PLOT-017079,0.8192172966886864
PLOT-015569,3.8597602113192253
PLOT-016146,3.375085298932849
PLOT-016884,5.034229738654415
PLOT-016578,0.6814204022659975
PLOT-017559,1.8069894931246282
PLOT-017720,2.951196087933092
PLOT-015369,2.219918368345423
PLOT-017876,3.6670568076401913
PLOT-017847,3.5438702345220583
PLOT-017730,0.5252050272261443
PLOT-015531,1.885729921724571
PLOT-015062,3.362473663389314
PLOT-015438,3.385515714822524
PLOT-018698,2.9011134198226394
PLOT-016680,2.1770605827320586
PLOT-017845,3.585519025468999
PLOT-015412,0.8389649680874549
PLOT-018488,3.910179436805382
PLOT-015774,2.521104823766546
PLOT-017199,5.63487586281751
PLOT-018697,4.846426683136376
PLOT-016729,1.9241862269919083
PLOT-017556,0.9395003134844996
PLOT-018475,2.4647151794547484
PLOT-016568,0.9055565771315349
PLOT-017444,2.173412679636513
PLOT-015186,5.384937647957764
PLOT-015262,3.6030794094296015
PLOT-017650,1.596474906942283
PLOT-016963,5.766461566162387
PLOT-017561,0.9595369247193878
PLOT-015259,5.711358781618038
PLOT-016841,2.997601912984431
PLOT-015400,5.7329155395230735
PLOT-017374,3.682905252145517
PLOT-015098,4.705404125194124
PLOT-015360,2.1132279357108454
PLOT-015196,2.9510238969640517
PLOT-018417,2.2377798708897974
PLOT-015807,3.283059678755234
PLOT-015684,2.605211077893046
PLOT-017498,2.480919510491836
PLOT-017369,2.9953424231289727
PLOT-017803,0.9074958774587485
PLOT-015637,2.67574292415142
PLOT-017933,2.3579736911016886
PLOT-016271,1.2179652073400957
PLOT-016297,2.650806616884769
PLOT-016902,2.7388271361260488
PLOT-016443,1.1909239829312843
PLOT-016082,2.196121325236398
PLOT-017071,3.6542163291350045
PLOT-017173,2.592253154045628
PLOT-016550,3.234226567250224
PLOT-018477,3.1758215343903307
PLOT-016395,3.4876597206468563
PLOT-015694,2.11855119811743
PLOT-017865,0.8998841223460977
PLOT-016675,3.2816418636944196
PLOT-015961,2.5073837539742536
PLOT-016334,2.5162169828586465
PLOT-015767,3.1456982485737464
PLOT-018394,2.2967132992860226
PLOT-016209,1.7399406191224305
PLOT-018458,2.764747108966148
PLOT-016268,2.798298554877
PLOT-017460,2.8468137786921353
PLOT-017620,2.1670004741152087
PLOT-017019,1.3200298937226067
PLOT-016195,5.341880651767348
PLOT-018158,2.292292526998213
PLOT-016354,1.6980458741914912
PLOT-017348,5.7619146128244925
PLOT-017165,2.9568933771579085
PLOT-015433,1.041790899806726
PLOT-018119,1.3786743019461356
PLOT-016625,1.8641829813247441
PLOT-017493,4.918108079830414
PLOT-018521,0.9087931964166073
PLOT-018018,5.838453043250567
PLOT-015445,0.9403068225452657
PLOT-017119,4.15580260095108
PLOT-016753,4.690115986508856
PLOT-015479,2.530865391849278
PLOT-018129,3.77422756802709
PLOT-018629,4.38202452301788
PLOT-015892,2.3802538585407667
PLOT-015511,2.3019967626452664
PLOT-018165,1.9676319180947177
PLOT-017848,1.228223060820553
PLOT-015571,1.8834558543111801
PLOT-017061,3.4104037694633935
PLOT-015030,3.567689064366537
PLOT-015359,1.7224950443042313
PLOT-016740,2.9103416879585557
PLOT-016389,2.216744740848273
PLOT-018489,2.19705125940156
PLOT-017813,2.998158263760356
PLOT-016371,3.4981473849341267
PLOT-017553,2.9732971969715627
PLOT-016251,1.558203012801616
PLOT-015848,1.4985864128422635
PLOT-018369,4.4097544382598794
PLOT-016905,1.6757936943013616
PLOT-015985,3.4213073478101705
PLOT-018339,3.398009383158219
PLOT-016667,2.9640895296751473
PLOT-017321,3.5039456124844346
PLOT-015440,3.8903176543651425
PLOT-015095,1.658684576353513
PLOT-015414,4.769802359880333
PLOT-017447,1.2766071912725323
PLOT-015087,3.2338224948514007
PLOT-015616,2.2678321573718994
PLOT-018527,1.7095936131584342
PLOT-015638,3.7652609119295244
PLOT-018196,1.1634193424842303
PLOT-017701,4.271612733219307
PLOT-015651,0.804113646909677
PLOT-016284,2.8592708081703186
PLOT-017277,4.640345430060365
PLOT-018362,2.1199764801826966
PLOT-017940,3.425375289447536
PLOT-018036,2.8238749081751795
PLOT-017892,1.214713097667584
PLOT-015358,1.4327357297573065
PLOT-018341,4.978724233478505
PLOT-015115,4.067391683640241
PLOT-016758,0.9518330372341043
PLOT-017074,1.148670885616824
PLOT-018714,3.0494502131954655
PLOT-015883,4.371358828276736
PLOT-017053,4.076069987027549
PLOT-015124,1.564194300785642
PLOT-017727,2.5745758184479848
PLOT-015858,2.8052853907734456
PLOT-017534,3.316226139582898
PLOT-016114,2.278419875917104
PLOT-018558,0.8513948461668158
PLOT-015070,1.8255617926531125
PLOT-017776,2.2691973327035346
PLOT-015415,1.0166800693106142
PLOT-016054,2.002889636197384
PLOT-015737,2.3824387306195645
PLOT-016136,2.0025931580796614
PLOT-017466,2.469444457427036
PLOT-016263,1.810391915311124
PLOT-016684,3.6606248254045197
PLOT-016002,3.7882332081411345
PLOT-015732,2.309528331324568
PLOT-017092,2.1205473058650424
PLOT-015561,2.2521196801268455
PLOT-016611,2.385265145965441
PLOT-018737,2.8055127867334866
PLOT-016298,2.8554026546606
PLOT-016218,1.6395745584923798
PLOT-017167,6.2086483226366305
PLOT-018161,4.0828513356617195
PLOT-018476,3.2715808709612464
PLOT-017875,2.81975970823137
PLOT-015868,2.7863982375574765
PLOT-017646,0.6962373475020248
PLOT-017200,1.9312077412013247
PLOT-015194,5.373842147444346
PLOT-017095,1.2512720656553187
PLOT-016283,2.987568244396791
PLOT-016303,2.2511549991750113
PLOT-018517,3.3404921256281885
PLOT-015964,3.219206219748608
PLOT-017386,2.778470909241735
PLOT-016363,2.236108235317697
PLOT-015181,2.1876184073450844
PLOT-018094,3.6079737850315263
PLOT-017138,2.5537032323403164
PLOT-015200,1.8026577391806695
PLOT-017829,4.240875195169012
PLOT-016961,1.185434430650555
PLOT-017908,3.9277955698619462
PLOT-016787,0.0922183925175331
PLOT-018491,3.2885719099210844
PLOT-016010,4.919274475543228
PLOT-016937,4.0899380637073905
PLOT-016140,2.0252114769269465
PLOT-018552,3.0368553482712564
PLOT-015267,4.252033236022864
PLOT-015375,3.5394236728905573
PLOT-017888,5.1294755883983205
PLOT-015735,1.918781206029694
PLOT-015699,1.1731299587711848
PLOT-016226,1.3797002087275059
PLOT-017731,3.0109581551428546
PLOT-015370,1.486912607647984
PLOT-015512,3.7664573950635587
PLOT-015729,1.0051136298611585
PLOT-018046,1.4196023691075412
PLOT-016197,0.9172069083144868
PLOT-016799,2.143950255941805
PLOT-016782,2.4836140012970875
PLOT-018480,2.4668532623539066
PLOT-015325,1.9202758259384218
PLOT-018661,4.547576978398146
PLOT-018704,3.630346598412541
PLOT-016825,4.199488097951104
PLOT-016125,3.786729618404612
PLOT-016365,0.5074209162369668
PLOT-016892,3.651942395225421
PLOT-018449,2.584861284307173
PLOT-017066,1.4644851613578371
PLOT-015768,2.3240148262299627
PLOT-015416,3.691214538125525
PLOT-017780,0.9097505794529883
PLOT-018493,2.120032500239017
PLOT-018003,2.30272305736343
PLOT-017549,2.819649588054243
PLOT-018739,4.566616968274302
PLOT-017926,1.9661111949109147
PLOT-017827,2.6719986269683553
PLOT-018066,1.3493529205959574
PLOT-017546,4.642211518120268
PLOT-016759,3.215006793159393
PLOT-016413,3.9054763726754906
PLOT-016748,5.413448475932561
PLOT-015377,1.2439542071572463
PLOT-016015,2.382263007289456
PLOT-015546,2.9795482556614346
PLOT-015691,2.4310121594658836
PLOT-015949,3.0338539243370533
PLOT-018025,2.629565895044676
PLOT-017024,3.3138687519431667
PLOT-016559,3.229277135627015
PLOT-017764,1.1453515020710958
PLOT-015890,1.6908354183324037
PLOT-015060,2.701758476875126
PLOT-016724,2.960371085802932
PLOT-015632,4.304858013040858
PLOT-018226,2.0281111677737647
PLOT-016599,0.8518276771975206
PLOT-017810,6.019244252872644
PLOT-016695,0.5835602384186452
PLOT-016436,1.266729702049444
PLOT-018083,3.3563779135555563
PLOT-016852,3.547479287302949
PLOT-018076,2.7263541614177873
PLOT-017576,1.1570836271955043
PLOT-017359,2.4583291629252733
PLOT-017696,3.007552684256688
PLOT-016238,5.524902648722615
PLOT-018309,2.356992895066015
PLOT-018047,1.3662194028589876
PLOT-015746,1.2001645119275361
PLOT-015328,1.82695271937314
PLOT-018648,2.6642424516144336
PLOT-018664,2.016355176989014
PLOT-016989,3.4779742521231984
PLOT-015034,4.471690898933191
PLOT-018344,1.2809407051881079
PLOT-016784,4.994991196761749
PLOT-016686,2.8210827594039056
PLOT-016244,5.725559512785841
PLOT-015449,2.384760210683707
PLOT-017923,2.481666207592645
PLOT-017916,0.790851919290187
PLOT-016005,1.471095664486933
PLOT-017699,3.583923045187643
PLOT-015718,5.354842708871588
PLOT-016621,0.5227065061288951
PLOT-017443,2.0358326936097173
PLOT-016364,1.1423929089507925
PLOT-015125,1.3130762056896184
PLOT-017639,1.3404773193928272
PLOT-017302,3.017064631285365
PLOT-017345,8.3452731409424
PLOT-018486,3.8420898858600157
PLOT-016780,1.5636366710927485
PLOT-017402,0.9397483683506471
PLOT-016050,3.9235734197526035
PLOT-015701,3.7663924092826098
PLOT-015340,4.313855741015279
PLOT-018720,2.133520873541406
PLOT-015187,1.6281711194927675
PLOT-015983,3.883881144371575
PLOT-018244,1.2868541290252222
PLOT-018696,2.520193458102962
PLOT-015121,2.69451698723325
PLOT-015603,1.7523400204218804
PLOT-015667,1.7408459818709392
PLOT-017607,1.0266361895687168
PLOT-015244,2.543486228425275
PLOT-015532,3.838645378839959
PLOT-017027,1.5713284919960664
PLOT-017983,3.781753418468741
PLOT-016179,1.2538024320218308
PLOT-017854,3.578479709931572
PLOT-017752,3.35514953732689
PLOT-018628,3.560410475446317
PLOT-016701,6.5096337297183196
PLOT-015801,3.135647834333772
PLOT-015840,4.733796511771085
PLOT-016235,1.8467756851628372
PLOT-017163,1.39901509651804
PLOT-016926,4.158317814531279
PLOT-017873,2.035165329669583
PLOT-015444,2.1235652740314532
PLOT-018090,2.9969686514974714
PLOT-017284,2.9907609304868514
PLOT-016313,3.8019301537202868
PLOT-015921,2.304634949890346
PLOT-015795,2.1905354818946217
PLOT-015897,2.306472694858706
PLOT-015009,1.4601397752481042
PLOT-017904,2.0918820121670416
PLOT-016267,4.062097983599559
PLOT-017772,1.6824491159938764
PLOT-016747,2.880376975874406
PLOT-016416,3.091444776344985
PLOT-018353,1.3857523209137903
PLOT-017112,2.72240666151221
PLOT-017036,2.3932359028217767
PLOT-018650,2.9262538710594073
PLOT-015213,1.5823372765297732
PLOT-016104,3.5759002019487856
PLOT-016726,2.6253050520009333
PLOT-018386,1.6284609563086778
PLOT-018174,1.020665504168266
PLOT-018548,2.8931587187685346
PLOT-017159,1.636806742223066
PLOT-016397,4.630900315479912
PLOT-015836,1.1689815222101487
PLOT-015206,5.350938820259798
PLOT-015658,3.020664769209309
PLOT-018497,0.6100268836012621
PLOT-015739,0.8597117777955953
PLOT-015500,3.757415164871927
PLOT-017160,5.392172504406646
PLOT-017050,2.8274886710603027
PLOT-017103,3.6960465852347713
PLOT-017108,1.0249901325112833
PLOT-018553,2.944272125205168
PLOT-015666,2.481974865413015
PLOT-017371,2.101285594134413
PLOT-015564,2.734332967363004
PLOT-016262,2.6870331899605495
PLOT-016644,2.9255248604530713
PLOT-016206,5.406753685714225
PLOT-016021,2.4418487539734977
PLOT-015134,4.33931239802697
PLOT-017156,2.572248575124
PLOT-015305,1.4066741386446864
PLOT-015915,3.96440512506236
PLOT-016591,4.000379049217047
PLOT-017312,2.9616529249669084
PLOT-017319,2.3447041981072565
PLOT-015619,2.985019856041232
PLOT-017333,5.580806673311368
PLOT-015903,1.3007350002599747
PLOT-016384,3.0848376670144617
PLOT-016921,1.0001837636929596
PLOT-017739,2.4890140339417477
PLOT-015296,1.2154170342852801
PLOT-015935,3.127604109281872
PLOT-017986,3.3025684959108355
PLOT-015318,7.071788275436864
PLOT-015420,1.7647169833397731
PLOT-017129,3.36735668194908
PLOT-017790,2.9232674600068935
PLOT-017656,1.221600233155531
PLOT-016632,1.8738285237934988
PLOT-016051,2.753593098261624
PLOT-018225,1.3264394350096154
PLOT-017949,3.7827891445834454
PLOT-016906,2.123960045234118
PLOT-015562,1.3003842425383003
PLOT-017367,2.714365438158892
PLOT-018710,1.8556348447759967
PLOT-018731,2.154162187957934
PLOT-016252,1.1282367968608469
PLOT-017403,2.4018774241764937
PLOT-017863,5.026779940341883
PLOT-018598,3.5598066901446934
PLOT-017568,1.8628317561700556
PLOT-017221,3.723542695491843
PLOT-016816,4.303951054392881
PLOT-016587,2.3871748462016704
PLOT-017318,0.7155199505349691
PLOT-016844,1.7924389601545914
PLOT-015742,4.300703848509405
PLOT-018591,4.979734355749883
PLOT-015889,1.474640103133086
PLOT-017253,4.144332361537486
PLOT-015748,2.898489138848058
PLOT-018015,2.40331255447806
PLOT-017060,2.947331500662456
PLOT-018286,4.808495745653032
PLOT-015514,3.84091026670539
PLOT-018038,2.092456717630237
PLOT-016090,1.4417488962980987
PLOT-015662,3.322676099409882
PLOT-016688,5.546920674646522
PLOT-015361,0.9851821965929617
PLOT-017796,2.6094751576718935
PLOT-018605,1.2493600740071742
PLOT-018501,2.4530411638115193
PLOT-015652,2.2190346441440068
PLOT-018012,2.120252273393951
PLOT-017293,2.9676168187084273
PLOT-017170,1.6704227416535553
PLOT-017332,2.184599245568143
PLOT-016390,5.632730738450692
PLOT-018096,3.7540274739508557
PLOT-015193,2.5172875929212584
PLOT-018245,1.0320597410512007
PLOT-018081,1.957952928219372
PLOT-018663,3.707758684160679
PLOT-017419,0.9714468493966804
PLOT-018326,4.041992386488785
PLOT-016915,3.261795121963693
PLOT-016788,6.428915002783319
PLOT-017072,4.966707057074469
PLOT-016579,2.1920861297280836
PLOT-017705,3.163434298436898
PLOT-016872,1.4460235597215696
PLOT-015705,0.9138558387951601
PLOT-015131,3.16497994105019
PLOT-015592,0.48797277871710104
PLOT-015664,0.9975508222984301
PLOT-015565,2.4155180786361323
PLOT-017503,0.9238578176829634
PLOT-016306,2.5030459581126547
PLOT-016077,4.487734279149784
PLOT-015178,1.97352672154654
PLOT-017737,4.550779124818356
PLOT-018393,2.6921912028612267
PLOT-016431,1.1106584932785388
PLOT-016279,4.043713933221712
PLOT-015854,4.459052367535751
PLOT-015720,4.031276463841376
PLOT-016893,3.023778392050987
PLOT-017746,4.977132366273159
PLOT-018507,4.1636811066282515
PLOT-016352,3.4820467398106065
PLOT-018687,5.004355487487521
PLOT-017541,4.104346437411659
PLOT-017309,2.5385014199478197
PLOT-015517,2.5223768715468586
PLOT-018110,4.476802651867601
PLOT-017497,4.882521377401222
PLOT-018634,1.1452583841175483
PLOT-015079,2.045784824380445
PLOT-017992,3.8677973497017466
PLOT-016225,4.051206489133199
PLOT-015427,3.6089360880359593
PLOT-016795,2.998498505475026
PLOT-017765,1.9880991954104636
PLOT-018264,0.9166737440349956
PLOT-017756,0.830626827331354
PLOT-018570,0.8724716098358938
PLOT-016470,1.3100043288401333
PLOT-017178,1.0933908165832498
PLOT-018492,5.1360310903460515
PLOT-015933,1.9138404721494924
PLOT-017090,2.7846185035097752
PLOT-018323,2.935059469760649
PLOT-015527,4.163006611912638
PLOT-018504,0.9715549731284625
PLOT-015513,5.743549964755814
PLOT-016995,1.004239216601396
PLOT-017228,3.211660227800718
PLOT-017700,1.3464497666318207
PLOT-015707,1.9193475754098575
PLOT-016771,2.3200800451032393
PLOT-016332,2.464236467809743
PLOT-015670,2.34573652602364
PLOT-017610,3.383015813295639
PLOT-015991,4.108015662285511
PLOT-016438,2.629764602937763
PLOT-015180,4.557402548256407
PLOT-016277,3.3279691976082666
PLOT-016674,3.4058959735295518
PLOT-018134,4.439417248879113
PLOT-016933,3.948576579881891
PLOT-017924,3.753752659713725
PLOT-016039,3.2521888464176354
PLOT-016084,3.7026438162942257
PLOT-016730,5.109677970731187
PLOT-015615,3.1839480885664706
PLOT-017841,2.5281289026531035
PLOT-018607,2.710781487856626
PLOT-016347,5.484223427018913
PLOT-016275,3.4201097811914005
PLOT-015802,1.696740190578484
PLOT-017134,2.3971497739395744
PLOT-015448,1.3582211386848555
PLOT-016387,4.991121761129652
PLOT-018608,6.274181739437324
PLOT-015430,1.535373043501475
PLOT-018317,1.1455736061097233
PLOT-017893,2.9301769858184907
PLOT-017014,0.43484890759143047
PLOT-015450,2.397742565627048
PLOT-015580,3.3849881820137773
PLOT-016609,1.4726312637088916
PLOT-017059,2.2046289273049693
PLOT-015596,7.451170703458757
PLOT-016714,1.0834783811450701
PLOT-015789,2.906213283104086
PLOT-015346,0.35550534545655965
PLOT-015502,3.73038472883288
PLOT-018590,3.0302075350135467
PLOT-016406,1.56433924451454
PLOT-017176,3.4177131937398095
PLOT-016166,1.9554588794477217
PLOT-016608,1.4958872992141206
PLOT-017301,2.070157021780063
PLOT-016830,2.482238392254733
PLOT-015268,1.833135036877104
PLOT-017013,2.6402311044715425
PLOT-017006,3.67288469080863
PLOT-018141,2.761481716978501
PLOT-017421,1.9942892559879521
PLOT-017719,1.1755764477904525
PLOT-017157,2.473909678742062
PLOT-017075,1.134914953238616
PLOT-018185,1.1454153713146835
PLOT-017305,3.8743016937314434
PLOT-018525,3.2553577730511245
PLOT-018395,2.469734853095628
PLOT-015992,4.912285177943904
PLOT-015977,2.374923395053049
PLOT-017236,1.5864649999956353
PLOT-015314,2.624095870071389
PLOT-017721,2.5221053668869655
PLOT-017641,3.213427035330249
PLOT-015283,1.8750401704265167
PLOT-016134,2.167534180943766
PLOT-017003,5.3750923413143745
PLOT-017742,2.699709205078352
PLOT-015032,2.6979732139878077
PLOT-015590,3.7423726317369446
PLOT-018723,1.3926134219797501
PLOT-015240,5.112725842564626
PLOT-017771,1.1085285645834775
PLOT-016558,5.231983244511007
PLOT-018071,4.09834134628317
PLOT-017804,4.605029271621731
PLOT-016720,1.0333583554760897
PLOT-015339,1.5433839245745404
PLOT-015993,2.273364855686542
PLOT-016731,0.884080080472427
PLOT-016785,1.8976200868310968
PLOT-017733,3.0992243739713583
PLOT-016170,3.3029121775568235
PLOT-018373,1.7711303886369338
PLOT-016765,2.8244714028248343
PLOT-015498,2.025235898795255
PLOT-015280,4.072702565988362
PLOT-015217,3.2387854601941464
PLOT-016949,1.926151544024751
PLOT-015672,3.248882872620045
PLOT-016236,3.9264919095080653
PLOT-016643,6.734436136367152
PLOT-015668,3.1169866201384813
PLOT-016483,3.098587425674917
PLOT-017761,2.3322103181391083
PLOT-016412,2.274625167787763
PLOT-018097,4.143446250956928
PLOT-016617,1.6484856437224744
PLOT-015356,2.51596067568945
PLOT-015971,1.3206911290658998
PLOT-018406,2.9218995272181605
PLOT-016749,1.7516493528736732
PLOT-017081,1.7054502988677778
PLOT-015852,1.7321800007763941
PLOT-016208,2.6747352386151193
PLOT-017786,1.9892016305301026
PLOT-017839,2.413523217319445
PLOT-015751,2.1755741450255424
PLOT-018336,2.6936797215254655
PLOT-018593,4.897149043891827
PLOT-015362,1.7234633089718638
PLOT-016078,1.6117277165342765
PLOT-016597,2.75396516217842
PLOT-015012,2.3494809013960407
PLOT-015485,2.547230970883135
PLOT-016261,3.1083162805861324
PLOT-016745,3.0309593028728004
PLOT-017735,4.522758760555403
PLOT-018382,3.7321453936151534
PLOT-015786,1.8191810704863776
PLOT-015959,2.190387424951294
PLOT-017655,1.1491878406160616
PLOT-015740,1.6997726133815287
PLOT-015524,2.271325676039676
PLOT-017879,5.093290848131195
PLOT-017634,1.520260055420065
PLOT-018092,3.9894126360076685
PLOT-017915,2.242744761791279
PLOT-018621,2.2139379914243924
PLOT-017004,3.373010350028025
PLOT-015884,2.162977776123607
PLOT-017530,2.1948014521381913
PLOT-015453,3.3169360009415403
PLOT-018324,2.350463215211556
PLOT-016657,1.2227433541692798
PLOT-018639,2.2318116135776416
PLOT-017328,1.487786309177479
PLOT-016425,3.3617532969426245
PLOT-015099,2.7422256360463306
PLOT-018690,2.158689201316775
PLOT-017698,1.5204357383050076
PLOT-015979,1.7337581838602867
PLOT-016157,5.845182389820398
PLOT-017015,2.6010074792438473
PLOT-016374,2.1084708693547545
PLOT-016381,2.252874276313897
PLOT-016040,2.5730046559497906
PLOT-017168,2.0106427349313596
PLOT-016286,7.451770340273756
PLOT-015760,4.304313708602517
PLOT-016086,1.8832633471899431
PLOT-016767,1.816996140359828
PLOT-015210,3.2378554897761345
PLOT-016596,4.380845829293083
PLOT-017052,1.5033927237102234
PLOT-016240,5.461176534928322
PLOT-017276,2.7587499389713135
PLOT-017590,3.3129486010106026
PLOT-017768,4.828459325087801
PLOT-017526,3.648878409134552
PLOT-016171,4.3333323366559195
PLOT-016459,4.256565973639643
PLOT-016183,3.215932160309818
PLOT-018534,4.211059666394731
PLOT-018132,3.723215311360524
PLOT-015773,4.70537530576352
PLOT-017304,3.7116826695296923
PLOT-015631,3.4234317081450425
PLOT-016153,3.6499139704757972
PLOT-016398,2.618560346991835
PLOT-015387,0.8905041233092517
PLOT-016496,3.2945137847801735
PLOT-016971,2.5211254221924664
PLOT-016116,3.946905742903563
PLOT-015476,1.401056321850837
PLOT-016547,5.192876051335868
PLOT-016463,2.1161198125280265
PLOT-017930,1.8742070566013522
PLOT-016242,1.1253470361364435
PLOT-018215,3.7627002974225454
PLOT-017425,8.017014960155915
PLOT-018564,2.356231940071641
PLOT-015833,4.652504362467894
PLOT-017116,2.918607383432336
PLOT-017323,4.515308412908736
PLOT-015523,5.378747111046392
PLOT-015203,4.016481915222523
PLOT-018506,5.227374246628667
PLOT-015736,2.9687288717546694
PLOT-018510,4.989933286850789
PLOT-018104,2.474197930745364
PLOT-017736,0.6078806602269559
PLOT-018520,4.2288611205892135
PLOT-017342,3.8523624182224996
PLOT-016690,1.3343890363742292
PLOT-015929,3.9473067411854186
PLOT-017434,1.2084324816632528
PLOT-015372,1.8271220761649927
PLOT-017272,2.774411101629402
PLOT-015488,3.411327829680485
PLOT-018235,0.7982062461250439
PLOT-016167,6.015723952085272
PLOT-017166,2.6121422465332214
PLOT-018586,2.4937163980593655
PLOT-015676,2.2358067740650087
PLOT-017242,1.710333693074041
PLOT-017668,3.1216172916324547
PLOT-016121,4.26587916832397
PLOT-017644,1.5835782387009372
PLOT-017835,1.547206873070889
PLOT-017227,1.441528206905636
PLOT-018024,2.7021502410606986
PLOT-015700,5.438952749055055
PLOT-017264,4.497427010683853
PLOT-017394,1.811916098384126
PLOT-018455,1.9217681190253122
PLOT-016108,2.2347835763586175
PLOT-015224,3.4464944186359707
PLOT-017557,2.3966412888354043
PLOT-017020,3.7785617405395304
PLOT-015587,4.406166921784438
PLOT-015172,4.765531948481419
PLOT-017124,2.5636315396559883
PLOT-016324,4.4124772990980645
PLOT-015110,0.996840522461138
PLOT-015582,3.1542043449626753
PLOT-017565,2.4865452288999137
PLOT-016420,5.525308140419995
PLOT-017970,3.900690911720878
PLOT-018061,2.333697788808589
PLOT-015255,3.7022863155368397
PLOT-018672,1.594786238975277
PLOT-015455,1.8101282355925066
PLOT-016493,1.9484140589641439
PLOT-018113,1.0334459926647555
PLOT-018523,0.01045186039774991
PLOT-015800,4.658297084381062
PLOT-018463,3.045324735574368
PLOT-018135,1.6244574834522205
PLOT-017335,2.545118198094696
PLOT-017223,1.0343432515996904
PLOT-017864,7.775028641354767
PLOT-015118,2.6919277074802155
PLOT-016911,1.6804351767752737
PLOT-017651,5.858307112528045
PLOT-017281,3.1832181341572037
PLOT-016514,1.2451291501246082
PLOT-015876,4.269356349567113
PLOT-018403,3.31162688004698
PLOT-017055,2.3345406056458717
PLOT-015600,2.8718216826825853
PLOT-015008,6.114049479651485
PLOT-016164,4.008760435674971
PLOT-018668,2.6241966809187383
PLOT-016809,5.544083770279266
PLOT-016774,3.154814265131923
PLOT-016781,5.775245237165146
PLOT-018422,1.106275055846478
PLOT-017994,2.8792032183754945
PLOT-015536,2.0675301218261866
PLOT-018511,5.37122348973829
PLOT-017667,2.434666633912388
PLOT-018575,2.182705421617085
PLOT-018678,2.0843536729881005
PLOT-015275,5.481016001648503
PLOT-018426,2.409819876441229
PLOT-016434,1.7331081609265768
PLOT-016489,1.765237371101081
PLOT-015442,3.1974294645178
PLOT-018383,1.7339505929025631
PLOT-017143,2.3173217606614713
PLOT-016564,1.2283875590473605
PLOT-018128,2.8756373763081133
PLOT-015984,4.419729734872879
PLOT-015785,2.7958124075189925
PLOT-015928,1.7427167714225213
PLOT-016260,2.6036080152841548
PLOT-016294,2.7095142974994664
PLOT-018259,3.872531912429694
PLOT-018616,3.539806865345314
PLOT-018606,2.2417151164795253
PLOT-017216,5.000171710032359
PLOT-016135,3.272150574105111
PLOT-017665,1.8474100740189279
PLOT-015871,4.261971065861678
PLOT-017086,3.584005993678735
PLOT-015847,4.429300739032918
PLOT-018227,4.855874891699846
PLOT-015024,1.0105501687456497
PLOT-018345,3.751478099621625
PLOT-015057,2.071731762885235
PLOT-017594,2.5807943855311226
PLOT-015190,1.516735029148801
PLOT-015898,1.2985912095776593
PLOT-017490,1.8147434613504945
PLOT-018357,2.602772184456241
PLOT-017513,3.3944645520119057
PLOT-015492,1.1626953212280708
PLOT-015962,3.2295556116043946
PLOT-016257,2.9991017858731777
PLOT-018022,1.9787864611696073
PLOT-015640,3.8791092118329886
PLOT-015002,2.2600799930027495
PLOT-016344,5.09187992357518
PLOT-017575,3.4669155757574504
PLOT-015141,2.5771216594162705
PLOT-016820,4.226591270643285
PLOT-017501,2.421992864151219
PLOT-015612,2.343300185237575
PLOT-017531,2.791727410417513
PLOT-016582,1.6447024784080884
PLOT-017965,2.095515285467448
PLOT-017991,3.395770339138645
PLOT-017054,4.718628596205155
PLOT-015227,2.5771923529127907
PLOT-018364,2.897834692847127
PLOT-015568,0.6308733406028381
PLOT-016732,3.1052157940736
PLOT-015572,5.336513815954535
PLOT-017017,3.074793475709594
PLOT-017741,4.312407711180452
PLOT-017961,2.330682953126688
PLOT-017989,2.00768316650887
PLOT-015289,4.005477253627678
PLOT-016122,2.7241434756568075
PLOT-015920,1.821823030639356
PLOT-017109,1.3026011065718306
PLOT-016583,0.5696739165937778
PLOT-016229,4.853262404390461
PLOT-015939,6.002635868512209
PLOT-017762,4.428982494028749
PLOT-017536,3.324308846117756
PLOT-015426,2.4714785841458746
PLOT-018053,5.582876920614987
PLOT-016144,2.7662232670225593
PLOT-017211,1.8486471622639156
PLOT-015602,0.7528573961730355
PLOT-017111,3.273224632847197
PLOT-017779,5.490896631844939
PLOT-018017,1.4767084404488995
PLOT-017521,4.862573830765234
PLOT-016308,2.4189588019108004
PLOT-018248,2.626964515377016
PLOT-015423,1.222896172191194
PLOT-017728,2.1092562380045425
PLOT-016429,4.255341676403891
PLOT-015578,2.965494801496552
PLOT-015278,4.152537904381335
PLOT-016491,1.1291185777607227
PLOT-015151,2.01103942821147
PLOT-018130,2.1745223614790437
PLOT-015378,3.0762518641983574
PLOT-015895,2.025815596343526
PLOT-018666,3.057815088458224
PLOT-018355,5.34506180031758
PLOT-015841,4.036531706692998
PLOT-018209,5.988458947042035
PLOT-017194,3.2059447638542182
PLOT-018301,2.2070543117369397
PLOT-016614,1.908314097461367
PLOT-017783,3.2206263397606514
PLOT-015717,1.0650296804640857
PLOT-018032,2.485068998112087
PLOT-015386,2.5143679469504288
PLOT-015446,2.1245567302026505
PLOT-017106,3.814255862022119
PLOT-018727,2.2603699417149365
PLOT-016222,2.759314156144722
PLOT-017595,2.4476029024402943
PLOT-018172,3.383308602355262
PLOT-015142,1.286701143812815
PLOT-017254,1.3459959160412531
PLOT-016903,2.349248789811554
PLOT-018037,2.4744575987876885
PLOT-017457,3.7698802243874123
PLOT-015451,4.563700083046697
PLOT-016228,3.3689601042527815
PLOT-016256,1.9092629427708652
PLOT-018188,1.4610686066461889
PLOT-018187,3.637233415430565
PLOT-017395,1.7014940043392603
PLOT-017502,1.9382461180796218
PLOT-017246,6.032950986243748
PLOT-017679,2.7919036368697934
PLOT-017645,2.2917715847525226
PLOT-015734,3.546302290139018
PLOT-017931,2.737453137808481
PLOT-015456,5.276028356410678
PLOT-016391,2.4384213749664108
PLOT-017703,2.296240518892164
PLOT-017955,3.574070003700483
PLOT-018424,2.4812428319929936
PLOT-017704,3.5464593403575657
PLOT-017831,3.813972913516265
PLOT-017693,0.4678149771447291
PLOT-018179,1.0338210547426434
PLOT-017740,3.1069026717135233
PLOT-016670,2.7272868410220057
PLOT-016876,1.9453177538813213
PLOT-016457,0.979945636024722
PLOT-016188,0.7577547539203995
PLOT-016523,1.1210662302887076
PLOT-015803,1.2540099911869194
PLOT-017592,1.675876685357044
PLOT-015036,2.922915061997925
PLOT-018547,1.0940141182868477
PLOT-018490,6.913510027212949
PLOT-017201,3.5862560290387964
PLOT-018559,2.8391496979782844
PLOT-015855,1.9684001116359755
PLOT-017407,1.6951378907007346
PLOT-017748,3.381689318205998
PLOT-016325,3.277403953650796
PLOT-016910,0.8024561727940931
PLOT-016626,2.922560289931374
PLOT-016727,2.926702915263549
PLOT-015100,0.6739915402466334
PLOT-018251,1.545012991884773
PLOT-016929,3.776000019528988
PLOT-015341,3.99044928519656
PLOT-018532,2.6775208518377687
PLOT-016312,2.6135689874111345
PLOT-015540,1.3187020554566287
PLOT-018292,2.1762841172067913
PLOT-015243,1.3237944937919732
PLOT-018342,2.0827284364589955
PLOT-015419,2.6026566865009215
PLOT-018330,1.648893889303288
PLOT-016888,2.4874480573285176
PLOT-016734,2.356508120615083
PLOT-015727,1.776814947196538
PLOT-015037,2.13732257426813
PLOT-017202,2.8258130932520342
PLOT-016742,2.2047441926397306
PLOT-017898,2.0708435776426013
PLOT-015071,3.975900329932841
PLOT-017951,2.272758711384966
PLOT-016203,1.371491108799923
PLOT-015226,2.625286113411298
PLOT-016141,0.9369936801173426
PLOT-015669,4.388296298862533
PLOT-017411,3.0137815288054868
PLOT-016541,3.3450123839171306
PLOT-017846,1.712744962992474
PLOT-018428,3.1667241812774813
PLOT-016849,1.6875869644374368
PLOT-016102,2.9758581425541473
PLOT-018657,0.6801230674199239
PLOT-017114,5.126671424419492
PLOT-018335,3.289414704618388
PLOT-015468,2.988590405291509
PLOT-017031,2.148527258908733
PLOT-017787,3.231762591303438
PLOT-016916,1.8884060009116856
PLOT-017311,2.3218849282631755
PLOT-018389,0.9861823838763616
PLOT-015824,1.6946062905248054
PLOT-016396,1.7935540045346106
PLOT-017975,4.963203915677497
PLOT-017363,4.146958651240953
PLOT-015845,3.2583455334085674
PLOT-017777,3.043514835293873
PLOT-017911,2.9643570067653937
PLOT-018123,4.609685115519648
PLOT-015078,3.5122335987841415
PLOT-018160,3.7955055512884255
PLOT-016321,2.0572994031501364
PLOT-016083,2.48207620695785
PLOT-016320,1.9444643680289853
PLOT-017558,5.127540907146822
PLOT-018363,5.9618579585569655
PLOT-016700,1.2686481315905473
PLOT-015943,1.1945584655129484
PLOT-017712,2.4039301644399793
PLOT-018304,3.5290682922243115
PLOT-016733,2.848860268109386
PLOT-015241,2.3392379233879064
PLOT-018312,2.7933058732714526
PLOT-018299,2.4438937249940262
PLOT-017856,2.974812227090376
PLOT-018006,3.6966529874690894
PLOT-018302,5.027797470001653
PLOT-015526,4.176754050540151
PLOT-015798,2.956275910378509
PLOT-015713,3.4615523907239596
PLOT-018139,2.4312863174144055
PLOT-018685,1.4932616214336107
PLOT-015738,2.242273095821089
PLOT-016946,1.7098417450110126
PLOT-017225,3.04404012055134
PLOT-018118,3.4399182639246924
PLOT-018434,3.461902159933472
PLOT-016377,3.474359511886301
PLOT-016914,6.232029012986079
PLOT-016778,5.096760148342237
PLOT-018633,2.1051899456553813
PLOT-015757,4.639292016480106
PLOT-017711,2.4752559759745836
PLOT-015429,4.947356549454397
PLOT-016982,3.988788280522594
PLOT-018432,3.285691541139149
PLOT-018313,1.8919277883568262
PLOT-016966,5.270690215064026
PLOT-015981,3.0412838356218996
PLOT-015263,1.4115724738080055
PLOT-018202,3.2361711212199453
PLOT-018701,3.2923145704528407
PLOT-015547,0.712922836797566
PLOT-015454,2.5916876556325326
PLOT-015338,6.121240565009487
PLOT-015026,2.041807130788369
PLOT-017844,1.2310673564688357
PLOT-016062,2.167935988094401
PLOT-015320,3.3837272187107152
PLOT-015000,2.9514329303217783
PLOT-016506,1.0874127915658136
PLOT-018686,1.8936160100300494
PLOT-016151,2.5284059571868642
PLOT-015407,2.4005155183193825
PLOT-016769,4.078205416031115
PLOT-016210,2.3482602358617237
PLOT-015750,3.1848262068757265
PLOT-017000,1.3621147399787654
PLOT-016542,3.2684395724720954
PLOT-017794,2.6027337998716593
PLOT-016095,5.6923356701261385
PLOT-018217,3.615230300908524
PLOT-015577,3.7985201799587975
PLOT-016326,2.163471595271122
PLOT-017811,2.7080339834901883
PLOT-018143,2.39799748178391
PLOT-017234,4.489729645047982
PLOT-015270,1.53083420688998
PLOT-015170,1.459176351139143
PLOT-017905,3.8551614709753372
PLOT-017189,0.9858421849554113
PLOT-016783,3.731424475955837
PLOT-015674,4.366650691893907
PLOT-017807,2.300358976796688
PLOT-016868,3.0304110054800932
PLOT-018515,0.772562107201444
PLOT-016441,5.869239819334967
PLOT-016723,1.7446056151211442
PLOT-016958,3.5359751302324205
PLOT-016619,0.9723119866754764
PLOT-017366,2.363447395788801
PLOT-017866,3.7179215093009663
PLOT-016987,5.4449019330928525
PLOT-015253,1.7910097749469962
PLOT-016276,2.006225274874791
PLOT-017910,2.1676621742801476
PLOT-017289,2.6819883526824193
PLOT-015295,3.4177090009061164
PLOT-015053,1.202909540245903
PLOT-016096,1.5684760641468352
PLOT-015191,2.1622631369356045
PLOT-015301,2.8436226645801344
PLOT-015365,3.554709620322316
PLOT-017499,3.42628754744148
PLOT-016977,3.884933652243502
PLOT-018703,2.2493657706462904
PLOT-015744,2.7376008376039995
PLOT-016191,3.0081612176476953
PLOT-017039,2.6278297243351245
PLOT-017670,3.1103811266070336
PLOT-016923,3.616838830767574
PLOT-016355,1.523945145040651
PLOT-016113,2.1202167448276494
PLOT-017511,2.3073575177436925
PLOT-015374,2.793713859381089
PLOT-016821,1.8744495875851401
PLOT-015291,0.8667624850386597
PLOT-018358,4.021134035932377
PLOT-015389,3.4273230429998534
PLOT-018375,3.5705230213582486
PLOT-018133,3.583853350490281
PLOT-016180,3.2882402781663678
PLOT-016598,2.674176904197049
PLOT-018514,2.8736857770426325
PLOT-017084,1.0473173399483626
PLOT-015214,2.841985652459154
PLOT-016016,3.2731895936237936
PLOT-016864,3.573183460456691
PLOT-015410,1.1585803619062751
PLOT-016545,3.4234142895953092
PLOT-017619,1.4715286776375471
PLOT-015832,2.3370756166929536
PLOT-015179,4.713791261493362
PLOT-015690,0.23797296345630098
PLOT-018122,1.5111737575527586
PLOT-015470,1.7612492997105889
PLOT-015704,3.194455988259849
PLOT-017346,0.6296911822805117
PLOT-018653,1.1318065335098249
PLOT-017887,1.8013917136024789
PLOT-017593,3.1162569662779402
PLOT-016075,3.3058186589999172
PLOT-018680,4.677642387430724
PLOT-016627,1.5911717768179987
PLOT-018399,2.861649070398577
PLOT-018295,3.505344234556274
PLOT-015063,6.808961126025193
PLOT-015769,3.043099102177121
PLOT-016428,2.0414019099021705
PLOT-015324,2.1310483659766604
PLOT-015819,3.356231308607459
PLOT-015780,0.58477655878354
PLOT-016699,2.201739673856293
PLOT-016123,4.799609661387622
PLOT-018152,2.679970009335759
PLOT-015752,3.874501181737488
PLOT-016067,3.121924700465034
PLOT-018614,5.830235865672648
PLOT-016041,1.9099549079589488
PLOT-018109,2.795915043937123
PLOT-017417,2.897673647406995
PLOT-015716,0.7451066971765263
PLOT-017717,3.2233921147209
PLOT-017582,2.9653208958256996
PLOT-015550,2.0790941104335494
PLOT-018008,3.075965960691173
PLOT-015749,0.8388456746009196
PLOT-016487,3.6092535232646488
PLOT-017486,2.410549613359212
PLOT-018337,1.8213350296067607
PLOT-017426,2.6606797735986243
PLOT-018213,1.2657051125544432
PLOT-017928,4.399608281372068
PLOT-018400,1.4516759644244759
PLOT-018531,1.3707599208522112
PLOT-017130,3.5754198467606453
PLOT-015842,2.8326708849560607
PLOT-016997,5.259238447509983
PLOT-015020,2.7996173182546302
PLOT-017418,4.299647284270251
PLOT-015879,0.9325276039535823
PLOT-017329,2.4493935804943563
PLOT-018050,3.2996828626829684
PLOT-015863,5.255123621126098
PLOT-017190,2.4259141879670856
PLOT-016376,3.5275492024052646
PLOT-016936,1.4165032299443108
PLOT-015354,2.165897285938265
PLOT-015951,1.0547755453594192
PLOT-018496,0.8135408200940261
PLOT-016930,3.971456527959182
PLOT-016430,6.151683211683673
PLOT-018121,3.5726690339554015
PLOT-017543,2.5468323943837716
PLOT-017978,3.2316044324434765
PLOT-016305,5.763154836117509
PLOT-016073,2.7683324788292323
PLOT-016159,1.503294421878634
PLOT-015058,2.2922394405298196
PLOT-017450,4.564502448529338
PLOT-017033,2.389850516677161
PLOT-016696,2.1752754704960404
PLOT-016379,1.0181465319632956
PLOT-016536,2.540577247454166
PLOT-016593,2.1781176999611436
PLOT-018407,2.175041781061272
PLOT-016539,0.572997703043713
PLOT-017566,2.4606386688873725
PLOT-016423,2.7282743056789274
PLOT-017899,0.9251485606731589
PLOT-016718,2.570199306375207
PLOT-018418,3.1794528685678713
PLOT-017527,3.0526859467603606
PLOT-016068,3.0442218172455626
PLOT-015147,2.329484769555932
PLOT-016715,3.4744243649369704
PLOT-018198,3.198889213943345
PLOT-016589,3.55351953660482
PLOT-017747,2.6322075943933636
PLOT-016531,2.448041185461699
PLOT-017799,2.960551177825106
PLOT-015452,0.47316666911974525
PLOT-016561,0.9847624970663661
PLOT-016955,3.0539995948934116
PLOT-018544,2.445147695082455
PLOT-015192,1.5353143072139064
PLOT-016038,2.3726900509066247
PLOT-016537,4.139408873593284
PLOT-016293,2.5525295916834354
PLOT-018398,1.7668715105842447
PLOT-018378,2.4958663489002206
PLOT-017606,3.68828137818638
PLOT-015626,3.0681985136013683
PLOT-016697,2.4664481354333025
PLOT-017338,3.476806343252545
PLOT-018067,1.9984515439984618
PLOT-017294,3.0464058307576423
PLOT-015974,2.3767532868245334
PLOT-016763,2.196005111764521
PLOT-018460,3.2273481626776763
PLOT-015150,5.759641137257863
PLOT-017948,5.7100891088844055
PLOT-016524,5.164270204469392
PLOT-018623,3.2845348419940588
PLOT-018719,3.6826633234636326
PLOT-016939,1.7328014146148103
PLOT-018360,7.034574060768022
PLOT-015484,0.8673850363552438
PLOT-017520,1.4217604703357307
PLOT-018042,4.4950856007981965
PLOT-016302,2.1155163675485067
PLOT-015649,3.322299613373671
PLOT-016495,3.2458860382147026
PLOT-018724,2.1115181830628695
PLOT-016527,3.5693083281967777
PLOT-018568,4.21173075632056
PLOT-017347,4.384366862450096
PLOT-018331,3.166641584027831
PLOT-018482,2.447560423425726
PLOT-017082,4.390921215982589
PLOT-016216,1.5768642632388685
PLOT-018468,1.9265700800789345
PLOT-015945,3.156633680820974
PLOT-018396,4.044561880807348
PLOT-015072,3.3424794690466935
PLOT-016610,2.0715808341017294
PLOT-017614,5.528280056346262
PLOT-017098,0.8519891695420002
PLOT-018503,1.7377219019351613
PLOT-015762,1.9421998070353093
PLOT-015089,3.6812092111938117
PLOT-017621,3.507721874422379
PLOT-016375,2.728314692085055
PLOT-015017,3.2977323089689894
PLOT-018494,2.944122486673053
PLOT-015804,5.557653782404302
PLOT-016526,2.103665871762782
PLOT-018537,2.749691732050508
PLOT-017662,1.0371041524303561
PLOT-016127,2.166266881870713
PLOT-017248,2.024013759833608
PLOT-015838,2.7300674411453705
PLOT-016057,3.8306820081454855
PLOT-015864,1.2167121061317
PLOT-018182,2.4860355036315083
PLOT-018404,1.4570146948463454
PLOT-015298,2.2578918015773115
PLOT-018059,0.2332744628059423
PLOT-016801,2.5455241807048243
PLOT-016871,2.214234295665826
PLOT-016061,3.404100010243399
PLOT-016029,3.902588146762242
PLOT-017769,1.7370629927736343
PLOT-017182,2.7757844641176783
PLOT-015398,3.49974976654431
PLOT-017643,5.087574419946443
PLOT-016337,4.170163279277484
PLOT-016802,1.8753685305088357
PLOT-017918,2.3880510450003976
PLOT-017142,2.535772130219375
PLOT-016845,2.610398030245244
PLOT-015395,2.2849641027190213
PLOT-015094,3.1820665651354574
PLOT-016291,1.163041862199276
PLOT-018411,2.6004178329355208
PLOT-016353,2.2225191757087672
PLOT-016469,2.7946669859847932
PLOT-018585,2.0252736685159842
PLOT-018311,5.356823995258355
PLOT-016444,2.0718563100073824
PLOT-016543,2.3980005809972145
PLOT-018658,2.889758752763393
PLOT-016942,2.8419718574016892
PLOT-018518,3.0218553821707967
PLOT-015661,3.50545770833084
PLOT-018117,1.4271336026426509
PLOT-016682,2.2960303091289274
PLOT-016635,1.3605985609477331
PLOT-018065,1.7172218680678313
PLOT-015317,2.1057848940557733
PLOT-018334,2.2020697059807444
PLOT-017233,2.295141513829282
PLOT-015947,1.2684167924768783
PLOT-018376,2.94385375554531
PLOT-015770,3.614750603197885
PLOT-016380,2.077094295994117
PLOT-016962,2.4993084712266356
PLOT-017470,1.3272924912036814
PLOT-015544,4.641663383044627
PLOT-016382,5.617780787623987
PLOT-018216,1.330021460112019
PLOT-018102,3.43371171022011
PLOT-016831,2.091729600078892
PLOT-015635,3.2889296798539047
PLOT-016181,4.037297650116515
PLOT-017041,7.218263751396142
PLOT-017685,1.2680171203832957
PLOT-015108,2.2476921743018106
PLOT-017439,2.438749338131732
PLOT-017754,3.882095977328213
PLOT-017410,1.5495333114861052
PLOT-017548,1.9624305543503249
PLOT-017161,3.517188550305079
PLOT-016940,2.8943559689330365
PLOT-018256,4.243928301464178
PLOT-015139,2.3757710734422854
PLOT-015712,3.229389795672226
PLOT-017144,5.474600342112289
PLOT-015287,1.1249358995273293
PLOT-017077,1.2343139067992253
PLOT-015823,3.5641080588599494
PLOT-017035,2.641482616031432
PLOT-017914,3.152610440356813
PLOT-017449,1.4307231702603223
PLOT-016869,1.4136654820091266
PLOT-016513,4.148142189790278
PLOT-018023,2.1086394091673544
PLOT-018300,3.120020053844705
PLOT-016224,6.287410867323465
PLOT-018176,2.281233912527304
PLOT-018509,1.9885429280521765
PLOT-017099,3.2288599121357935
PLOT-015525,1.4760737202050438
PLOT-015473,2.075025100685979
PLOT-015506,2.5153168187110166
PLOT-017011,2.5308573036129878
PLOT-016223,0.876407239185264
PLOT-015396,1.995051211234444
PLOT-015515,3.240646526857842
PLOT-016343,2.4786067509440746
PLOT-015891,2.698241940625258
PLOT-018412,3.8665087972451757
PLOT-016264,2.821355748791164
PLOT-017164,2.615812097724476
PLOT-015877,1.945049632359295
PLOT-017118,4.868798007867338
PLOT-015013,1.4541150608835764
PLOT-018693,2.196384041236793
PLOT-017065,1.5316898024568402
PLOT-017825,3.48767596469728
PLOT-017812,5.4456548309596835
PLOT-015376,1.0029031016400172
PLOT-017361,2.041408119113739
PLOT-016900,2.552974345283271
PLOT-015857,4.616958001887142
PLOT-015503,3.7061906997638245
PLOT-016081,4.593826668384638
PLOT-015046,3.6485935349118144
PLOT-017297,2.6198452253266393
PLOT-015266,1.5101285695127606
PLOT-017626,2.9582247430766913
PLOT-018346,1.1000105560239757
PLOT-016549,1.2153198461570194
PLOT-016022,3.9410420896333105
PLOT-015232,1.5347299561677834
PLOT-018063,2.125918887244806
PLOT-018243,2.1615488125944284
PLOT-018354,6.278045541917678
PLOT-018562,5.065308248005379
PLOT-018681,3.101909486532653
PLOT-016189,1.0520185302851994
PLOT-018028,1.7969357252843812
PLOT-017188,1.9648969165893462
PLOT-016584,1.7781878804953806
PLOT-015173,2.6810176969485795
PLOT-016165,2.3797829696896047
PLOT-015204,2.030871078476398
PLOT-017519,1.003049202082415
PLOT-017263,5.512721749430026
PLOT-016177,1.6530797164106827
PLOT-016162,2.564138659152404
PLOT-015630,3.0867961118669784
PLOT-015681,1.5365526955515223
PLOT-018683,1.4075120179927296
PLOT-018016,1.802634107921447
PLOT-018408,1.8825303785567205
PLOT-018240,1.708196926176106
PLOT-016511,2.07690100730593
PLOT-015621,4.213890914630562
PLOT-016450,3.6857079058759887
PLOT-017455,3.009463351289473
PLOT-016554,2.6538117461477517
PLOT-016292,2.122346607562946
PLOT-016106,1.1719746232261727
PLOT-016600,1.711515333147147
PLOT-016409,5.130774792510413
PLOT-015132,2.864986256739991
PLOT-016851,0.7076599613435193
PLOT-016124,2.71675469908952
PLOT-016036,2.1626064895994284
PLOT-015644,4.596296465040266
PLOT-015778,1.3698359818371937
PLOT-016447,3.693469651942749
PLOT-018162,1.7173431333036095
PLOT-017716,2.8958155224082085
PLOT-017552,2.6517386646500234
PLOT-017314,1.8693907031996948
PLOT-018456,3.6430150314310112
PLOT-018366,0.1075278243300046
PLOT-017516,0.8545612617209554
PLOT-017745,3.5561690944293436
PLOT-016586,2.3931902750438088
PLOT-015117,5.810252342264552
PLOT-018642,0.9522993905849463
PLOT-016192,1.7394708023995722
PLOT-017603,5.067171571967138
PLOT-015563,1.793040727162131
PLOT-015722,3.5926371264562937
PLOT-016418,2.5936226389909645
PLOT-015490,3.206485743001065
PLOT-016070,3.350004658068234
PLOT-017280,2.882677366720452
PLOT-018148,1.4425951754353628
PLOT-017185,3.0450475580559715
PLOT-017320,1.917494410557251
PLOT-017461,1.6398669240071104
PLOT-017222,1.9137669477691923
PLOT-016458,3.694020851217258
PLOT-017706,2.6980543283907865
PLOT-018415,2.3219465500904897
PLOT-017068,3.780699787204442
PLOT-017350,3.0482070542127317
PLOT-015609,3.804284806235873
PLOT-016538,2.8997524949140585
PLOT-016455,3.187680150914194
PLOT-017436,1.2439230432760875
PLOT-017021,3.6118393126711035
PLOT-015997,1.7439321828529615
PLOT-015576,2.116033784518109
PLOT-016163,2.7013877887859525
PLOT-015019,3.01208846088085
PLOT-018325,2.907324411053886
PLOT-017906,2.510255457067615
PLOT-017751,1.7063593810843205
PLOT-016274,2.8917420368024436
PLOT-015755,1.8527267344538474
PLOT-015754,3.443103382843113
PLOT-017451,1.652155811102071
PLOT-016327,0.5255793730130349
PLOT-015639,1.1258310908496996
PLOT-017749,6.535972153803147
PLOT-015043,2.072484675038781
PLOT-015007,2.214492049317747
PLOT-018070,2.9410294622826743
PLOT-017383,3.854575911651637
PLOT-015471,0.8894831604257941
PLOT-015421,2.437031975380193
PLOT-017310,3.320229962317815
PLOT-015189,3.107024023691698
PLOT-018619,3.571876776930932
PLOT-018662,2.1574577263933157
PLOT-015905,2.3516222831392377
PLOT-017729,2.6998031397090054
PLOT-018049,5.484802463857104
PLOT-018258,5.835401857830381
PLOT-015464,5.3836061391636445
PLOT-017950,2.720596621726862
PLOT-017629,3.0132495713264076
PLOT-018281,0.9476751132992325
PLOT-017334,2.1519655284420813
PLOT-016435,4.370760813747757
PLOT-018689,0.26250299047856507
PLOT-016965,3.183620465908291
PLOT-015065,1.8996205026611719
PLOT-017043,0.9135553784526196
PLOT-017373,0.9708656416122133
PLOT-015432,2.4289969371949343
PLOT-016432,1.9032239085331788
PLOT-015101,2.3248422497290617
PLOT-015048,1.703016439361901
PLOT-018103,1.2082872439518948
PLOT-018214,2.008593103249388
PLOT-016847,3.3172540605401832
PLOT-018171,3.0544116317865035
PLOT-017285,2.1785843034389303
PLOT-017385,1.0665757987319178
PLOT-016777,3.0718643336851477
PLOT-017695,3.8182844857376534
PLOT-018153,2.2653043537088466
PLOT-015828,1.4146673948157023
PLOT-017355,3.309201583936644
PLOT-015129,5.60433939919414
PLOT-018054,4.037324962147072
PLOT-017085,4.317474217253178
PLOT-015849,3.1207135028067956
PLOT-016953,4.003464180027282
PLOT-015315,1.2410280568087826
PLOT-016647,2.7566623474937564
PLOT-015237,1.8456766811203085
PLOT-018319,2.085280373380478
PLOT-016873,0.7664719551874146
PLOT-017974,4.408957351578492
PLOT-018443,3.261930979116354
PLOT-018365,0.9454934583708364
PLOT-017505,1.1841734001277524
PLOT-015522,1.9525984380486776
PLOT-018745,2.328767359523065
PLOT-015054,2.083920389288266
PLOT-017102,3.38246642285888
PLOT-018242,3.6042025292599815
PLOT-017265,5.875817969526409
PLOT-016109,2.651112586917455
PLOT-018447,4.412682355871573
PLOT-016193,2.356727357292572
PLOT-016481,1.4483091234601952
PLOT-015382,2.460340408558119
PLOT-018343,3.6390955941755565
PLOT-017919,3.613055842773728
PLOT-015157,5.215332966735308
PLOT-018502,3.0123693530040345
PLOT-017858,2.0993218557805804
PLOT-015558,1.598939255826066
PLOT-015835,3.0961286756322526
PLOT-018622,1.7984578198680192
PLOT-015463,3.6379497400406313
PLOT-018368,1.5553509451875747
PLOT-018391,1.094263111801638
PLOT-018371,1.0093301007792217
PLOT-016991,2.3187317122156053
PLOT-017973,5.95415281624047
PLOT-018296,3.445528365261556
PLOT-017471,2.6860190318345776
PLOT-017186,0.4880919220891431
PLOT-017409,1.8038992918054233
PLOT-016874,2.3393131133893825
PLOT-016806,3.167795820518559
PLOT-015595,4.945856654141815
PLOT-016085,0.7753503362657965
PLOT-018020,3.1131793078931658
PLOT-018746,5.286443591548132
PLOT-016815,2.401683444162473
PLOT-016770,2.693434628978941
PLOT-017325,2.6027213620284257
PLOT-017782,3.758350032627932
PLOT-015367,3.9454445231558037
PLOT-016232,2.1108056501975043
PLOT-018220,2.639621505768202
PLOT-016601,0.9219746031232423
PLOT-016877,2.675117634774682
PLOT-016671,2.32074558037351
PLOT-015097,1.5711303835946013
PLOT-015860,0.7362020532987322
PLOT-015364,1.6163570170951695
PLOT-017091,2.524583146800635
PLOT-015381,1.9746991130455005
PLOT-018647,5.038576142357808
PLOT-018469,2.9886343043329586
PLOT-017336,1.6221597145237525
PLOT-015028,1.7298444057674007
PLOT-016098,0.9797235381124934
PLOT-015447,5.246418228334191
PLOT-017820,4.1902747099132585
PLOT-015820,2.7273792719633083
PLOT-018170,4.397337601371663
PLOT-017406,3.210970532184566
PLOT-017123,2.6418544612723953
PLOT-017638,3.6461570731333706
PLOT-017678,2.2909536110690216
PLOT-017195,1.697694060808079
PLOT-016622,1.6789492900859355
PLOT-018173,2.109413092487198
PLOT-015721,1.6764209083603112
PLOT-017714,1.7780067764965397
PLOT-017539,2.5765805720240156
PLOT-018397,2.4700743429644536
PLOT-017423,1.962385513586891
PLOT-016691,1.2552124352245504
PLOT-016642,1.1655266702706293
PLOT-015779,2.3128185133378425
PLOT-017196,2.6972313763335
PLOT-016023,1.8318375162881393
PLOT-018288,0.6466576164194352
PLOT-015004,2.2145267515084175
PLOT-015428,1.411632360252796
PLOT-016947,2.4739096241835776
PLOT-018660,2.119965929349699
PLOT-016467,2.492971018060276
PLOT-015516,1.1656758660064332
PLOT-017573,3.4535216638424737
PLOT-018058,3.1200718929985682
PLOT-018416,3.0213086040444583
PLOT-015350,3.3970111572438397
PLOT-016805,2.8202113649673737
PLOT-018191,2.3655797592309886
PLOT-016683,3.50008419307446
PLOT-015660,1.6131866982138943
PLOT-018430,1.8881339213248645
PLOT-018005,0.6012889195443719
PLOT-017837,5.9830519076196635
PLOT-015899,2.4580777949881045
PLOT-017525,2.236737949369614
PLOT-017969,2.7789262014488183
PLOT-015158,2.0553864653003835
PLOT-015383,3.002240943047207
PLOT-016721,2.2937609090219815
PLOT-018356,0.9450694527150111
PLOT-015140,5.471405806766856
PLOT-015465,3.0338841951817925
PLOT-017766,1.7657661856002007
PLOT-018587,0.8272518619323335
PLOT-015299,2.0577152608259675
PLOT-015397,2.2846239090542952
PLOT-016615,6.004522838490697
PLOT-015934,3.7212880393076144
PLOT-015887,2.7947772825669306
PLOT-017283,2.734093489029823
PLOT-018150,5.343741204009339
PLOT-016922,4.637553057673062
PLOT-016033,3.188088792185862
PLOT-016776,4.426988422610465
PLOT-018062,3.8203783986256465
PLOT-016634,1.4559223119097917
PLOT-016048,2.831020058169815
PLOT-018157,2.0894555463864672
PLOT-017537,3.303184246559505
PLOT-016528,1.243929728026716
PLOT-018120,0.913214516478347
PLOT-015846,1.9108308580670148
PLOT-015251,5.118007906886704
PLOT-017037,2.033005219127753
PLOT-018669,2.03435517182945
PLOT-015806,4.47386748830031
PLOT-016552,1.5985187166421073
PLOT-017966,2.2387737999191235
PLOT-015715,0.9627386382950266
PLOT-015336,2.089496394936106
PLOT-016659,2.080241728038392
PLOT-015987,4.05086556951853
PLOT-018505,2.3705649594687555
PLOT-017993,2.784203405738273
PLOT-015195,2.247286952753174
PLOT-017732,4.405977643023888
PLOT-017551,1.416233292017997
PLOT-016857,2.226514424335043
PLOT-016044,1.5672700978024643
PLOT-015279,3.4613010905434725
PLOT-015096,3.989310669271074
PLOT-016521,2.320453300740982
PLOT-015441,5.896429984073614
PLOT-016196,3.010053728194221
PLOT-016812,3.306552838867424
PLOT-016796,3.0576639056606023
PLOT-016042,2.5171174652816486
PLOT-017922,2.9800933197309183
PLOT-018247,2.036621631737374
PLOT-017132,2.931407491676195
PLOT-015330,1.1679931048840826
PLOT-015392,3.559798605343476
PLOT-018601,3.260232414224509
PLOT-018315,1.6766244748838044
PLOT-016515,4.916008436792435
PLOT-015861,3.023408668013116
PLOT-015745,2.3910572549693674
PLOT-018347,1.3767400649840715
PLOT-017878,1.5498448925449912
PLOT-016111,2.0726336713534517
PLOT-015327,3.666526482485541
PLOT-016119,2.1620317955102006
PLOT-016088,3.364952139813307
PLOT-016897,4.464076968285685
PLOT-017958,1.0831228758728109
PLOT-018625,1.864180096942342
PLOT-018595,1.573495401697425
PLOT-015003,2.3202780050894782
PLOT-015594,3.153522288969267
PLOT-018522,4.3750421368981405
PLOT-018290,2.230024914685732
PLOT-016490,3.0053752461698715
PLOT-018277,2.506140829386006
PLOT-016870,1.3056336560226798
PLOT-015549,2.9518540245935916
PLOT-015556,4.5747781951086415
PLOT-016358,1.4406766476697987
PLOT-018163,2.16318888412731
PLOT-015541,4.118603720798463
PLOT-018433,3.4580360743115652
PLOT-015252,4.130345281900135
PLOT-015264,2.188538500128145
PLOT-017622,0.8409506526654913
PLOT-016471,1.6770684544114263
PLOT-016234,2.6410953742717695
PLOT-018679,4.137978614312331
PLOT-016401,0.13572103253245987
PLOT-016853,4.038562791968417
PLOT-017094,3.896243205114765
PLOT-015918,3.273132167493817
PLOT-018310,1.834598295322196
PLOT-016064,2.8223390648529425
PLOT-016533,2.4158540659758505
PLOT-017579,3.0629384539292817
PLOT-015300,4.65716829990647
PLOT-017743,2.1693748599099205
PLOT-017326,1.7038651529115905
PLOT-018033,2.6777235600167195
PLOT-015553,2.9088774291074992
PLOT-016512,1.5563321822347949
PLOT-018260,2.3639127235573265
PLOT-015467,2.01121810411255
PLOT-015344,2.816390733963785
PLOT-017508,2.09968756259988
PLOT-018654,2.4712431213241874
PLOT-018513,2.78770814887799
PLOT-017654,3.9250490805093925
PLOT-018031,2.0515674575099396
PLOT-016417,0.48346157446714244
PLOT-017673,1.4506604551008226
PLOT-017028,3.200061764726089
PLOT-016448,4.783558463312251
PLOT-015166,1.5189886657275127
PLOT-016706,1.1304350793404805
PLOT-016338,3.6570886993262297
PLOT-017441,0.8478127707757696
PLOT-017307,6.927873294256724
PLOT-018004,2.3521869435415423
PLOT-018189,2.906623421572793
PLOT-018221,1.5115696432814918
PLOT-015439,2.6714393404115357
PLOT-017288,4.717198465932538
PLOT-015021,2.7018744106488466
PLOT-018060,3.514995998299719
PLOT-017401,2.4883102604577925
PLOT-016079,1.091695107760503
PLOT-016918,0.41250541756415837
PLOT-018279,0.7393452555760677
PLOT-017215,3.37334719335941
PLOT-017883,2.4839475217287705
PLOT-016227,4.688207640500522
PLOT-018193,2.373435509807694
PLOT-016650,3.0725616698620692
PLOT-017073,3.6785925681797274
PLOT-016213,2.0845254918186895
PLOT-016544,1.9819113125271965
PLOT-016807,5.9444674808259395
PLOT-015313,4.089307835377187
PLOT-015487,1.0528503028804665
PLOT-015229,3.586862622286447
PLOT-017570,2.6994795704853893
PLOT-017149,4.060619232141501
PLOT-017512,2.0025744249494855
PLOT-017415,0.8091436108196031
PLOT-017671,2.5397745861422876
PLOT-015286,1.793553666957584
PLOT-017416,1.5485419719064957
PLOT-016698,1.336349074619344
PLOT-017791,4.358234231380815
PLOT-016653,3.0719145311907683
PLOT-016901,3.744653187273147
PLOT-015810,4.213771606820819
PLOT-016693,3.213793218614717
PLOT-017795,3.6930422345793543
PLOT-015431,1.9127605639177878
PLOT-018618,2.1573345541614697
PLOT-017691,1.3577057337616676
PLOT-018688,2.7123599889413392
PLOT-016368,2.3066597779872087
PLOT-015620,0.9331495924173285
PLOT-017145,3.0620552300690687
PLOT-016520,4.015713004446701
PLOT-017880,3.0943383784873877
PLOT-015936,2.1094363308134247
PLOT-016205,2.427631669959767
PLOT-016202,2.787488970567916
PLOT-018695,2.039024109585122
PLOT-018377,0.7186899564068405
PLOT-018578,0.8788814861126336
PLOT-015130,2.157850966602512
PLOT-015521,2.259736415041165
PLOT-015955,6.864499149952398
PLOT-015913,3.3443342917276584
PLOT-015859,3.5786521362178862
PLOT-016854,2.4459980209667864
PLOT-016315,2.6723302316879463
PLOT-017154,3.903815350304484
PLOT-018613,2.1414647322394824
PLOT-015127,1.9511889734848105
PLOT-015284,3.873496755312237
PLOT-018138,3.4755767584731307
PLOT-015978,3.2334905975930694
PLOT-015623,4.540620963025864
PLOT-018735,3.917251174183633
PLOT-015688,2.539586191159712
PLOT-017370,1.1456014308001696
PLOT-016366,2.6301187672214072
PLOT-017500,2.2804088088272527
PLOT-015995,1.7504741303766986
PLOT-018380,4.283388329336526
PLOT-017850,0.8063559959489365
PLOT-018112,0.9326352807380942
PLOT-017267,2.35872904867068
PLOT-015610,2.944240207796999
PLOT-015458,3.187865506942758
PLOT-017785,2.2078065621082246
PLOT-018676,2.988364902164885
PLOT-017158,1.2259722316314212
PLOT-015462,2.1393852138728247
PLOT-016573,3.014133236958535
PLOT-015792,0.6745151306392967
PLOT-015504,2.3678318726119203
PLOT-015308,5.567235719577198
PLOT-017193,2.6071332577734507
PLOT-015363,4.4910584824823845
PLOT-015579,1.6088924635918826
PLOT-015105,1.3312214332446486
PLOT-016705,2.9949426945758715
PLOT-017862,1.541477936206447
PLOT-016132,2.862271263957335
PLOT-015507,2.2828421178770397
PLOT-017268,2.3312264848286985
PLOT-016011,2.407193662957643
PLOT-018604,5.072989056084769
PLOT-015946,3.018743886656147
PLOT-018284,2.6154458802708445
PLOT-017040,0.5564617997898433
PLOT-018444,2.7755535130198132
PLOT-017206,3.272543150711066
PLOT-016336,1.377204390663934
PLOT-018381,0.8758366913594227
PLOT-017522,1.5264720417381659
PLOT-017613,3.0079850417328844
PLOT-018439,4.001595588203055
PLOT-015188,2.02559275217877
PLOT-016793,4.008120469216019
PLOT-017261,2.1897143461190374
PLOT-017657,1.4224137643439363
PLOT-017609,3.1167934999229043
PLOT-017589,3.7349311806478562
PLOT-018624,1.8765210242274297
PLOT-018576,2.8615413277315653
PLOT-017635,2.363292084595213
PLOT-018175,3.378837663345818
PLOT-017886,3.2326318847963047
PLOT-016959,1.2011984772725823
PLOT-015976,1.9829539995390968
PLOT-016707,6.816707596960301
PLOT-017290,1.4883469500145685
PLOT-017255,1.6120014672519056
PLOT-016818,2.1596196427349645
PLOT-015862,4.600270868166939
PLOT-016173,1.1274389572553258
PLOT-016651,3.7580710515708193
PLOT-016340,5.410299374851888
PLOT-018546,1.7225662550480665
PLOT-015281,1.1410878561941862
PLOT-016509,1.905965506357318
PLOT-016832,1.1523449089598656
PLOT-017571,1.859569142832481
PLOT-016115,0.6792175744258222
PLOT-015353,1.5386469162515646
PLOT-016034,0.8816371163410569
PLOT-015731,4.443800419787633
PLOT-016445,1.2986242138098962
PLOT-015702,1.5280086211045438
PLOT-018635,3.6573849461346355
PLOT-018691,1.7817957899396195
PLOT-018194,3.1369802077542484
PLOT-015160,5.673831543020299
PLOT-018154,1.8155855110456767
PLOT-016881,3.1342730178270757
PLOT-018206,1.5299114989898164
PLOT-018742,3.2426219364899853
PLOT-016678,1.6297193429632595
PLOT-016137,4.7004402027147085
PLOT-016385,2.9394591195535877
PLOT-016198,0.5972870020072046
PLOT-017237,2.230577381369616
PLOT-015501,1.876399318185252
PLOT-017076,1.6950930578856325
PLOT-017376,4.3447519410406725
PLOT-015162,2.6891688287218205
PLOT-018700,2.6602650388431206
PLOT-017152,0.6763429715194186
PLOT-017358,1.5737765919327222
PLOT-015185,2.106676417971108
PLOT-015459,1.2985053580173294
PLOT-017057,2.9154346361096057
PLOT-017387,1.6486652806203945
PLOT-016007,2.61358627587728
PLOT-016008,5.431994187687709
PLOT-017588,1.7198692205326769
PLOT-018237,2.125261850245614
PLOT-018374,5.535447945697517
PLOT-017388,2.343268334543093
PLOT-016890,0.9964099751579988
PLOT-017270,2.0036382481568276
PLOT-016287,2.2142691025101193
PLOT-015368,2.2538183870049657
PLOT-016168,2.300494461984285
PLOT-016402,2.984630991385818
PLOT-016925,4.36956407222296
PLOT-016318,2.4320250565044543
PLOT-015493,1.9922892403185173
PLOT-015231,2.812220714883761
PLOT-017623,1.9406245261464679
PLOT-015333,1.8054611089527337
PLOT-016475,2.9703932874587324
PLOT-017882,2.3862513215352177
PLOT-015788,1.9900959434005243
PLOT-016138,2.615261304694742
PLOT-018082,4.545828294671491
PLOT-018131,2.7504367485630454
PLOT-017694,2.672583411176637
PLOT-017868,1.122424450841898
PLOT-015380,2.2059173515270096
PLOT-017554,4.469847049898702
PLOT-017713,2.2895434675214865
PLOT-015067,3.9236121214172903
PLOT-016979,1.3973721712167522
PLOT-017271,3.204161768004912
PLOT-016882,0.8980229916963515
PLOT-015477,2.4716023801418405
PLOT-018069,0.7252675215298202
PLOT-017976,4.443121018689689
PLOT-018048,2.938791159575724
PLOT-016172,2.178802540106884
PLOT-018086,0.3780403811930454
PLOT-017599,1.0168093344623224
PLOT-016281,1.0484796631681494
PLOT-015425,1.6168986197401083
PLOT-016602,0.9432034026996415
PLOT-017224,1.7199018511048232
PLOT-015207,4.2162332348084925
PLOT-016333,1.8302115353351782
PLOT-015199,2.3854545415218817
PLOT-018659,3.696825038116606
PLOT-018556,2.6439013918178067
PLOT-016938,2.855847820100217
PLOT-015881,3.6558234189085184
PLOT-015143,2.95727724704568
PLOT-016772,1.354222302147551
PLOT-016580,1.5722330912398124
PLOT-018580,2.3861304567381554
PLOT-015249,1.6181908949835324
PLOT-018294,2.1306046782573387
PLOT-017392,1.960830719829739
PLOT-016454,3.468576803118468
PLOT-017424,3.02650804754528
PLOT-017633,0.8396825220795271
PLOT-015417,1.8502016245455302
PLOT-018569,2.096606799468519
PLOT-017722,2.157133260214642
PLOT-017669,2.6022772879968494
PLOT-017245,2.9307600905437368
PLOT-017515,1.3511360909759318
PLOT-017357,1.9942093003895598
PLOT-017972,1.4594236551158948
PLOT-018230,1.31549148347618
PLOT-017979,1.6396324775077153
PLOT-016128,0.8570343038925988
PLOT-016522,1.0934064577865146
PLOT-017495,1.6298163738917266
PLOT-017483,1.9117227755901394
PLOT-016485,3.135789341407522
PLOT-016990,5.235417147130333
PLOT-018043,5.372551577737692
PLOT-015912,3.238219178304707
PLOT-015326,2.4770608395865055
PLOT-017171,0.9870244807161211
PLOT-015083,2.0955449808032314
PLOT-015765,3.022953825011065
PLOT-017422,3.4765110770423617
PLOT-017676,2.939354043667855
PLOT-015102,2.0997512582061284
PLOT-015146,1.7158854014325378
PLOT-016133,2.3746342990840104
PLOT-018064,3.184049035810641
PLOT-015394,2.717123987594393
PLOT-018384,5.165357844224848
PLOT-017217,3.5079404341821787
PLOT-017805,2.196869342218803
PLOT-018557,3.177399922796869
PLOT-016221,2.106580070606404
PLOT-017317,1.9464166006296575
PLOT-017869,3.416675054581703
PLOT-018682,4.8044283129656105
PLOT-016288,2.548395067719838
PLOT-015321,1.074457490789827
PLOT-015111,2.436522308009907
PLOT-015588,2.9126382978011596
PLOT-016957,3.4611457890115274
PLOT-018219,3.1609593537078515
PLOT-018705,1.556514641625385
PLOT-018074,1.7858006060805558
PLOT-017616,1.0243412412964787
PLOT-016478,2.7828567118289307
PLOT-017397,3.413173489565324
PLOT-015136,3.903923045543495
PLOT-016158,3.0861604179065116
PLOT-015653,4.757983896278533
PLOT-017391,2.547437649017041
PLOT-017431,3.9635953137971573
PLOT-017935,4.697652405689403
PLOT-018019,5.106255590992258
PLOT-018146,2.9150685911922163
PLOT-016047,2.6708356248712932
PLOT-017661,3.8216843876668647
PLOT-017547,2.787381479324368
PLOT-016530,3.2112083288588353
PLOT-015930,0.7671825909000985
PLOT-016464,1.935357911801491
PLOT-016875,1.6376001228475168
PLOT-015220,2.3279021071744697
PLOT-017136,3.8345503386825235
PLOT-015927,2.642521490371865
PLOT-017463,3.4910533855064076
PLOT-016453,3.9084704096952874
PLOT-017540,1.3733187496970545
PLOT-017788,2.9918100593291994
PLOT-016945,1.918002822473132
PLOT-017684,5.745113571268452
PLOT-015533,0.9987334266272896
PLOT-017901,4.217670877832685
PLOT-015606,1.3353326529458471
PLOT-015074,5.135926018056283
PLOT-016764,3.327391607393916
PLOT-015648,2.0059450221931345
PLOT-017653,2.1447622290126125
PLOT-016322,2.060415689034825
PLOT-016576,2.63928233799687
PLOT-017209,1.2571816355533754
PLOT-015113,2.23730990281774
PLOT-017963,1.9006467303048769
PLOT-015986,2.3818421494274933
PLOT-018126,1.7551343610817676
PLOT-015747,2.8773077697077523
PLOT-016863,1.6048893353636235
PLOT-015222,5.359363086406618
PLOT-015518,2.283625917225823
PLOT-016348,2.58686338177253
PLOT-016502,1.7543974084452005
PLOT-017666,2.4693239064008394
PLOT-016665,4.052450553921125
PLOT-016555,1.9664876205616026
PLOT-018528,2.9390936412074042
PLOT-017725,2.958522055902277
PLOT-015035,2.0979917258307337
PLOT-015830,2.2930927944325763
PLOT-017175,2.6198335520305194
PLOT-017631,2.3333200692796114
PLOT-016761,2.2326258143009956
PLOT-015347,0.8902837664215107
PLOT-015167,0.9263469445600141
PLOT-018253,3.632001821005172
PLOT-015116,2.007182367009115
PLOT-015530,3.7388083029723846
PLOT-016394,1.1631154778430217
PLOT-016028,2.587514779811785
PLOT-018599,2.489309574396574
PLOT-017445,2.013684575261641
PLOT-018529,3.257860454422621
PLOT-017872,4.071174334386321
PLOT-018550,1.8977557334096908
PLOT-017659,0.8187794289173447
PLOT-017702,2.3854188071493185
PLOT-016779,2.8149644776496263
PLOT-016025,2.2353913434892165
PLOT-015081,4.1989604802420875
PLOT-017162,3.0905974331421837
PLOT-017030,1.2244332738919879
PLOT-018728,1.4072526109219456
PLOT-018180,3.67180789038911
PLOT-016476,3.8796492472339503
PLOT-018197,0.8858468179252859
PLOT-016477,0.9660294065745593
PLOT-017510,3.096782462300152
PLOT-018582,2.0253290932501424
PLOT-016886,2.0953235655016966
PLOT-018231,2.6919349900578706
PLOT-016629,2.624233786667639
PLOT-017464,4.431320767893061
PLOT-015040,3.3571121139229874
PLOT-016704,3.8491345038536355
PLOT-018308,3.7874462893183067
PLOT-017859,2.637893527333318
PLOT-015311,2.782581748799036
PLOT-016631,2.2868833084950455
PLOT-017218,2.5756746399194146
PLOT-017067,2.977713009833335
PLOT-016426,3.869046138834861
PLOT-017002,1.9591287641701118
PLOT-015357,2.2651575092322402
PLOT-018473,2.107430855852049
PLOT-018372,1.6818052822504523
PLOT-016827,1.4356359879418414
PLOT-015128,1.8231090354513717
PLOT-016009,4.5821069313233265
PLOT-016813,0.7715799843268167
PLOT-017244,3.0717774219447516
PLOT-015657,1.333712825412928
PLOT-016246,3.0315974772904637
PLOT-018472,1.852927395775091
PLOT-015201,1.9419161838322159
PLOT-018543,4.48804267428718
PLOT-016421,2.2538943736347283
PLOT-018190,2.9987452653766065
PLOT-017757,2.49746111056261
PLOT-018545,2.224638351403771
PLOT-017964,0.9338706915016293
PLOT-015593,3.8337238484884923
PLOT-015970,3.8764935407835353
PLOT-015202,1.9709218241404993
PLOT-018137,1.5349761802902329
PLOT-016974,2.11993773308269
PLOT-017480,1.1133105119215438
PLOT-018524,1.2714451060019676
PLOT-017382,2.69816790486227
PLOT-017252,1.6277780807339417
PLOT-016980,1.4503165980615997
PLOT-018427,1.4261610734871284
PLOT-017941,4.319642466181677
PLOT-016187,2.325415120723829
PLOT-015351,2.537169043678542
PLOT-016755,4.748717344464317
PLOT-016595,1.4324748154795768
PLOT-015042,3.260783684070633
PLOT-018026,2.5939184678956906
PLOT-016273,4.873595259191936
PLOT-015574,1.799895982789301
PLOT-016920,3.8159695103905245
PLOT-018224,2.326121953716519
PLOT-015856,2.809942514282254
PLOT-017141,3.617319354204161
PLOT-017047,0.9455942262988541
PLOT-016808,0.9081360174435066
PLOT-018125,0.726686742208827
PLOT-016898,5.104192711964679
PLOT-016846,2.754399967536925
PLOT-015875,3.601621369802094
PLOT-015103,1.2915684480404885
PLOT-017506,2.7457684003765004
PLOT-015604,1.7456461458254273
PLOT-018597,1.5354375313403434
PLOT-016233,2.4729776653122513
PLOT-017959,6.049243568900063
PLOT-016433,2.1348247394286424
PLOT-015384,2.286028321931858
PLOT-015893,4.189675988379633
PLOT-015056,3.9033896305742157
PLOT-015711,1.916832022085485
PLOT-018461,1.8524637436666143
PLOT-015355,3.057849283090331
PLOT-016842,2.470695687436845
PLOT-016018,1.6313952483408962
PLOT-018645,1.3226459887342676
PLOT-015307,5.635755791542046
PLOT-015813,1.1228859541071183
PLOT-015041,1.9237332131526073
PLOT-018421,3.2263987186350787
PLOT-016405,5.069995735333597
PLOT-016681,4.380217483500351
PLOT-015882,2.5748919571419897
PLOT-017220,0.8739151653869334
PLOT-015698,2.1463725181983477
PLOT-017364,1.965418407044087
PLOT-018233,2.2965763973194018
PLOT-017051,4.171051628934431
PLOT-017378,3.132612159017931
PLOT-015215,2.7969942433215556
PLOT-017146,2.6355656266337846
PLOT-016370,2.1536482373410886
PLOT-016566,0.7581269427935959
PLOT-018702,2.8515710594074637
PLOT-017360,0.8594461757682935
PLOT-016516,0.9837004135860028
PLOT-016766,2.9203605024959964
PLOT-017452,1.5251686591427458
PLOT-016037,2.0497005247071556
PLOT-016510,2.6676142301862953
PLOT-015411,3.37476015097697
PLOT-017981,1.081459512128704
PLOT-016301,1.4987352543209
PLOT-016296,2.054951271565514
PLOT-018498,2.154528820985834
PLOT-017601,3.2608073945480673
PLOT-018566,4.052808683823961
PLOT-015758,2.9987182170732867
PLOT-017212,3.0461812649218785
PLOT-016317,2.154920173949588
PLOT-015073,4.769338776394273
PLOT-015025,2.0867075092748726
PLOT-017208,3.159590101803484
PLOT-016126,4.306405992026169
PLOT-016139,0.9272009286901723
PLOT-015505,1.9872051165220233
PLOT-016560,2.2251313829772874
PLOT-017230,3.198651974172845
PLOT-016120,2.389024720620445
PLOT-018414,0.8941435466577883
PLOT-015586,1.9784866662849572
PLOT-017909,3.366642339536377
PLOT-015611,1.7993107191330935
PLOT-016089,2.4186661425928153
PLOT-016535,3.0218876394641314
PLOT-016408,3.6221811897310294
PLOT-015348,1.1120299076582263
PLOT-015885,2.6771168484584287
PLOT-018644,2.594662943215629
PLOT-018087,2.581404077531757
PLOT-015782,5.786397280371023
PLOT-018246,2.1532984605882306
PLOT-017458,4.107749224556152
PLOT-015629,2.8559799286915575
PLOT-015408,3.2490783854853547
PLOT-015164,2.9257968156803065
PLOT-017957,2.2138584498811373
PLOT-016969,1.9457496523714706
PLOT-016649,3.6510768880469318
PLOT-017380,2.8562974940104855
PLOT-016087,2.5761006965267943
PLOT-018572,1.8421959677943944
PLOT-018101,2.2718769268120576
PLOT-017389,3.846595703895408
PLOT-018709,4.2364998971450625
PLOT-016754,1.058912759892481
PLOT-015294,1.7043337025023537
PLOT-015965,4.591396672147327
PLOT-016822,3.4516442496658537
PLOT-018234,2.374988036920268
PLOT-015528,4.6426223782458536
PLOT-016968,2.549987860660552
PLOT-015027,2.405353062102277
PLOT-017478,5.838542060471657
PLOT-016673,4.539855094063134
PLOT-015274,4.575785773098595
PLOT-016072,3.3576595975841594
PLOT-016074,3.8435132964707193
PLOT-017356,0.9667832788296553
PLOT-017494,3.022523323709462
PLOT-017405,3.24785212476064
PLOT-017774,3.2566142545911894
PLOT-015585,2.0774471408406363
PLOT-015837,2.966944547278565
PLOT-015710,5.834262762400581
PLOT-017819,1.7074093682515936
PLOT-016250,2.2037558979309964
PLOT-016437,2.5539535575007535
PLOT-016553,4.270205884666676
PLOT-015816,3.611982361843087
PLOT-018694,1.1513732990268877
PLOT-017427,7.4681589870773335
PLOT-015957,1.8844146553579688
PLOT-015302,3.6920669636854626
PLOT-018289,2.5325956610502915
PLOT-018636,2.8021337803869666
PLOT-016063,3.0525946785100215
PLOT-015872,2.516153150115477
PLOT-018271,2.867130400854195
PLOT-017861,2.2329912915011194
PLOT-017936,3.8733262990612918
PLOT-015923,2.0511087968320774
PLOT-015059,3.687339569715051
PLOT-018014,4.341213310041352
PLOT-018420,3.449169541328465
PLOT-016975,3.006164740878438
PLOT-015023,1.9379827420557838
PLOT-017474,1.527562044238051
PLOT-015683,3.3523789308883547
PLOT-018512,4.142742913773969
PLOT-018483,1.8005353154666657
PLOT-017056,1.3075050869346283
PLOT-015228,3.690065773080313
PLOT-015489,2.229894995260948
PLOT-018201,0.9083718642439204
PLOT-015829,2.1055096878144473
PLOT-017784,2.01849903486514
PLOT-015385,5.856098269933526
PLOT-015015,2.055376509172038
PLOT-017399,3.099053469786302
PLOT-018541,3.619764788025519
PLOT-016388,2.22463061060548
PLOT-018041,1.1959236012217647
PLOT-016588,1.1634780246527723
PLOT-018445,2.595962017587667
PLOT-016751,1.8104556137949277
PLOT-016150,3.373784751185364
PLOT-016304,4.293832268433287
PLOT-016231,6.377039414843044
PLOT-016792,3.0132568494833665
PLOT-016269,3.0406006690340726
PLOT-018474,1.6916834270819747
PLOT-015497,3.6802427937237256
PLOT-015352,2.828908218930562
PLOT-016838,1.0457181794597155
PLOT-015001,3.1160969077313507
PLOT-015285,1.8573996944189732
PLOT-016646,2.980876421946614
PLOT-015783,0.7550566816251846
PLOT-017462,1.1444831953673837
PLOT-018321,3.9142232221088378
PLOT-015068,2.946693262419238
PLOT-015403,3.518606975606706
PLOT-015797,1.38265348056575
PLOT-018725,2.902661980934884
PLOT-018021,2.3083243075162216
PLOT-017023,4.000477074684852
PLOT-015177,1.3911872356645916
PLOT-015953,1.7626017641731688
PLOT-017139,3.0925825833789036
PLOT-016200,2.566845045944111
PLOT-017843,2.1664220754228025
PLOT-017300,1.608177793700155
PLOT-016756,1.9752131978496352
PLOT-016577,3.8919287511481606
PLOT-017241,2.9580919590161527
PLOT-017852,3.071624118657075
PLOT-016507,1.9560673000138553
PLOT-016497,3.344666905661084
PLOT-017688,5.129386757519989
PLOT-015538,0.7928149220176853
PLOT-016330,1.8400416574934328
PLOT-018207,2.881197124516339
PLOT-018459,5.1029448747746695
PLOT-016488,4.023689142183315
PLOT-017018,2.414036350160848
PLOT-016744,2.665763856077768
PLOT-017920,1.0945097631184528
PLOT-017408,2.8367194019194995
PLOT-018431,1.3566154554308347
PLOT-018563,4.091069604451108
PLOT-018596,6.546027941535882
PLOT-015948,2.3347995006657203
PLOT-015510,2.610805406894817
PLOT-016393,0.9058744578995886
PLOT-016508,5.983091863340817
PLOT-017398,3.7399678729748254
PLOT-017808,2.7698213148381656
PLOT-016331,1.6511349494844352
PLOT-016309,5.214124875579616
PLOT-018002,1.3440242207506239
PLOT-017396,1.5187249375709253
PLOT-017420,1.6479597531603465
PLOT-017544,3.886167772744634
PLOT-017354,1.3559492958341333
PLOT-017608,2.6379943879203784
PLOT-015663,4.726442691963524
PLOT-015573,2.1367104002507733
PLOT-017896,2.1502373026724912
PLOT-017372,2.985968744474395
PLOT-018265,1.6557976227364966
PLOT-018151,2.949360404239214
PLOT-017485,5.919279471604778
PLOT-017187,2.3517308505532055
PLOT-017584,4.115338620311225
PLOT-017045,3.604134202713411
PLOT-015282,3.967110687754706
PLOT-015258,2.6803256577554926
PLOT-016811,2.1077300750530332
PLOT-016797,2.1021344251704375
PLOT-017604,4.062577776172958
PLOT-015725,3.7842876834027654
PLOT-016636,1.9785078046334232
PLOT-015677,1.725120540221149
PLOT-017489,2.7503630862468227
PLOT-016152,4.011915625702344
PLOT-016346,4.528262677965365
PLOT-015055,3.2865425369648147
PLOT-017773,2.164293692861672
PLOT-016411,2.6304223371571065
PLOT-017755,1.4951594215041129
PLOT-017214,2.9802706469874383
PLOT-018583,2.689957009679423
PLOT-016361,2.873959216928436
PLOT-015888,2.0773949973902113
PLOT-018001,4.040350513594336
PLOT-016819,3.485745292893603
PLOT-016972,0.7929804448186033
PLOT-015714,3.3999350758838642
PLOT-018405,1.9360380180647407
PLOT-016056,4.148329564984837
PLOT-017286,2.595805571878653
PLOT-017207,1.0527067246733663
PLOT-015617,0.9643211777029661
PLOT-015123,3.4678424542632844
PLOT-018205,3.3358449917899375
PLOT-015334,3.1976598579885227
PLOT-017816,4.12459991919215
PLOT-015304,4.954934201861435
PLOT-015980,2.6704375741697297
PLOT-018329,2.05243974648136
PLOT-015581,3.385637099733722
PLOT-016616,3.6686160067327194
PLOT-016194,1.7593064922078794
PLOT-016824,1.0473420410468144
PLOT-016879,2.4620949026219026
PLOT-016981,3.5856025251353576
PLOT-016861,1.7305481145939927
PLOT-016350,0.6969785244848532
PLOT-015409,2.7106172043314274
PLOT-015675,1.2505431200288712
PLOT-015297,2.421542462322104
PLOT-015925,0.2833687028859851
PLOT-015022,2.7833490266382466
PLOT-018000,6.204033670103802
PLOT-017479,3.564974043353705
PLOT-015728,5.0695575034302
PLOT-016307,2.7471970413766447
PLOT-015671,2.041905038899243
PLOT-016672,2.9431020231639353
PLOT-016199,1.984027343022165
PLOT-018717,4.415702804552137
PLOT-018652,3.1053016181888604
PLOT-015293,4.025717774948845
PLOT-018730,0.8306199602009487
PLOT-015126,3.2050417648785103
PLOT-017247,3.3711156222407546
PLOT-017578,0.8355739418777823
PLOT-017467,2.40744183693348
PLOT-015692,2.6440228601111087
PLOT-015686,2.551471390531249
PLOT-015817,3.6112938254229565
PLOT-015216,3.2524238519083375
PLOT-015152,5.232709101303448
PLOT-017999,3.843072147062131
PLOT-016992,2.760806102612749
PLOT-017605,3.844360914515568
PLOT-017008,2.350974495169441
PLOT-015478,3.6123303027509484
PLOT-016282,2.3025984867831784
PLOT-016604,4.710589136367879
PLOT-017518,1.6546554366510855
PLOT-016666,2.686400084190155
PLOT-017962,4.629160495946219
PLOT-015812,2.533999642647434
PLOT-015250,2.2087259085899986
PLOT-015843,2.8778412225648036
PLOT-017125,1.9936319474926114
PLOT-017857,2.2969219441030417
PLOT-018640,3.0634395614612684
PLOT-015967,1.6328865889657393
PLOT-017885,2.745020875375956
PLOT-015972,2.439261278702246
PLOT-016896,1.8067166221751203
PLOT-017235,0.7487110611710255
PLOT-015246,2.8633225328089384
PLOT-017203,1.887403657877116
PLOT-018641,2.157979012526474
PLOT-018307,1.8069070244362082
PLOT-018379,2.766033939692378
PLOT-017331,4.110566468463914
PLOT-018744,0.27256546708701285
PLOT-017585,4.226704546566945
PLOT-018272,2.1723663249029714
PLOT-016505,1.9673970052275611
PLOT-016345,4.8399525924590785
PLOT-018091,0.9611482403043166
PLOT-015975,2.8924057003068926
PLOT-017686,1.8766597500655369
PLOT-016645,3.1779025319738845
PLOT-016679,2.153530236639646
PLOT-017697,2.5886966291191924
PLOT-015122,1.6167528745109303
PLOT-016534,4.450469929378638
PLOT-018044,0.38468825842665744
PLOT-018169,2.809423288050772
PLOT-017967,4.491871550158622
PLOT-017100,4.00620897436517
PLOT-015869,3.9237580333806608
PLOT-018646,2.0759886223770425
PLOT-016030,5.188051136286979
PLOT-015756,4.087134186995703
PLOT-016998,2.9931411381862696
PLOT-016156,1.329469923893259
PLOT-017115,3.4130455850642605
PLOT-017817,3.0127734665310335
PLOT-015332,3.2183584374524656
PLOT-016592,2.4783275407996728
PLOT-017384,3.1131282448035105
PLOT-016575,2.9712311363639854
PLOT-017683,2.451007917947826
PLOT-015472,2.044925451286007
PLOT-015901,2.5749126682840893
PLOT-015865,2.4262058123015584
PLOT-016329,5.0167881630925
PLOT-016342,3.897179835012124
PLOT-015741,2.4842612323061775
PLOT-018478,1.9236910852241735
PLOT-018291,3.2531691690932214
PLOT-017180,2.5550625855728013
PLOT-018484,4.550916102579875
PLOT-017562,1.612492628218821
PLOT-016628,3.427032878436614
PLOT-017806,3.1656250193199273
PLOT-017438,5.1017325468896715
PLOT-016149,2.6024796293534385
PLOT-018045,1.7764531590679706
PLOT-018164,3.048445635279451
PLOT-015256,4.640988787887042
PLOT-015633,3.1248506008749586
PLOT-017337,1.761960593030044
PLOT-018009,1.9141802976253097
PLOT-015777,4.36083071425861
PLOT-017953,0.9386839260843127
PLOT-017101,1.770240020009701
PLOT-015557,0.998187826852218
PLOT-018481,3.6798527197670086
PLOT-016985,2.1732624286680386
PLOT-017088,3.550121728914823
PLOT-015261,2.7400481995043324
PLOT-017131,2.2339022206544685
PLOT-018011,3.950356256729609
PLOT-018040,3.2149441611996368
PLOT-016889,2.963194076956521
PLOT-017532,4.632152023460846
PLOT-017078,1.9875713059839302
PLOT-018034,4.662141535752732
PLOT-018436,1.217996580171266
PLOT-015208,3.5776355913679065
PLOT-018349,1.35926032672059
PLOT-016913,2.804941767094947
PLOT-016606,3.1658337763991664
PLOT-016020,0.8856103591157193
PLOT-018348,3.3982036824007644
PLOT-016403,3.685520503824491
PLOT-017555,5.834279562050024
PLOT-017096,1.1845718651850219
PLOT-015209,1.1007358893742876
PLOT-015153,2.0349848171354235
PLOT-017881,2.1644190482752346
PLOT-016590,2.89559391787162
PLOT-017442,3.3245709483520773
PLOT-016147,3.4709251231408333
PLOT-016967,2.5747541031967827
PLOT-017316,1.229354269935947
PLOT-017433,1.8005831752305066
PLOT-016633,2.304151577341823
PLOT-017089,3.3633638833443515
PLOT-015597,3.6649288583432393
PLOT-016931,4.525915969158608
PLOT-016656,3.077012916737643
PLOT-015680,2.0020597819050057
PLOT-016565,2.407885456315627
PLOT-018275,2.746907873869141
PLOT-016328,2.961419776094727
PLOT-017087,2.566646304849989
PLOT-017753,2.5555464386034497
PLOT-016518,2.8563317555210777
PLOT-017287,2.121576301422121
PLOT-018713,4.2911272951997566
PLOT-015221,3.6643919265341327
PLOT-015225,1.7938638806743707
PLOT-018577,3.94791237319083
PLOT-018166,5.140585475017305
PLOT-017517,3.6910308675166514
PLOT-017642,2.0475112612928115
PLOT-017393,3.2701181582517616
PLOT-016760,3.052100880452139
PLOT-016360,2.234065762199769
PLOT-017324,2.2470088729082613
PLOT-018155,5.250106240255223
PLOT-017802,3.0716713411026246
PLOT-016492,4.812914593896184
PLOT-017744,1.548708712257201
PLOT-017763,0.8883752730659736
PLOT-017009,3.733989840666474
PLOT-015205,3.188782824857546
PLOT-016027,1.9674585812027372
PLOT-018540,3.477012784011814
PLOT-017596,1.424931468533611
PLOT-016046,3.340795939259639
PLOT-015693,3.7358143947360603
PLOT-017956,3.707287812612443
PLOT-018549,1.4073946811096727
PLOT-016186,3.6058120648827736
PLOT-016369,2.9448205304433226
PLOT-016907,2.939315835008954
PLOT-017726,0.9902811778380253
PLOT-015016,1.5972317334999033
PLOT-017514,1.4227781094865917
PLOT-017205,2.2859069536599237
PLOT-018729,2.2856695047037734
PLOT-016676,1.1167212291478004
PLOT-016184,5.052183721223891
PLOT-017353,2.1167038737583694
PLOT-015656,2.631624183349288
PLOT-016571,2.5329948941805465
PLOT-016737,3.9062713231421067
PLOT-016419,2.068396211248651
PLOT-015399,2.586102168992582
PLOT-015618,3.197158748328959
PLOT-015508,0.7090338935061526
PLOT-018106,4.326257129270672
PLOT-018437,2.9893462651606457
PLOT-017960,3.7562517281192798
PLOT-015867,5.0842773531074
PLOT-017507,2.413377103964413
PLOT-015886,2.6510355258307188
PLOT-017110,2.9617864398783036
PLOT-015599,4.727949451600621
PLOT-017658,4.082663495526444
PLOT-015457,1.9500829717858408
PLOT-017618,1.43272990146443
PLOT-016117,2.580780696412454
PLOT-015870,3.9603985855455957
PLOT-015790,2.652338543365882
PLOT-017260,2.65478115755161
PLOT-015954,1.3090380386150833
PLOT-015650,4.560954884751612
PLOT-015733,2.3802564135233624
PLOT-018533,3.4031376513910114
PLOT-015379,1.590375550431029
PLOT-017612,2.205737953220554
PLOT-018030,2.8693809408742026
PLOT-015956,3.043621839170226
PLOT-015171,2.1739445350727977
PLOT-016944,2.898919690139641
PLOT-017279,2.7711598336488894
PLOT-015659,3.0743814866693495
PLOT-017430,3.372365209133866
PLOT-017528,0.6841472861908254
PLOT-017120,2.1536370102049918
PLOT-016094,1.4735594540532901
PLOT-018068,3.450546681467889
PLOT-018707,1.9787276430835663
PLOT-017219,2.5229325759378045
PLOT-015642,2.0573371029269807
PLOT-015168,2.220233045650174
PLOT-016517,3.4192264266547547
PLOT-016800,4.003245745927938
PLOT-017682,2.7483354775624216
PLOT-016917,2.520810724476686
PLOT-015272,5.006068230054541
PLOT-016215,3.4530319077529863
PLOT-017468,2.6962285871529508
PLOT-016118,2.6680301268680107
PLOT-018098,5.788008492767861
PLOT-018350,2.1290932640543327
PLOT-016066,3.119944145379276
PLOT-017104,2.836611819414365
PLOT-017792,4.099754635582465
PLOT-017877,1.816676056622389
PLOT-016912,2.566593532811905
PLOT-015038,3.723942982891896
PLOT-015306,4.089571087010217
PLOT-015006,1.8031392921941838
PLOT-017456,3.4744968591976373
PLOT-015781,3.1967172470771086
PLOT-016190,1.6804979407919596
PLOT-015534,2.331961907286044
PLOT-015583,3.382656020194388
PLOT-017980,2.2890866244569126
PLOT-018671,2.5393536836286086
PLOT-018168,4.873914632208399
PLOT-018440,5.365813334694989
PLOT-017750,3.5124435968099528
PLOT-015316,4.410195591376714
PLOT-017197,3.55545307261264
PLOT-017414,1.2250365327746346
PLOT-017564,4.031724811180032
PLOT-016794,2.0929313235277434
PLOT-017581,3.121051210133433
PLOT-017708,3.8549616764645362
PLOT-015271,2.730564615593375
PLOT-015548,2.472696152193837
PLOT-016692,4.767300178235742
PLOT-016719,2.866452028457263
PLOT-018451,2.036966840785964
PLOT-018464,1.7372515211805404
PLOT-017390,5.3799886579445735
PLOT-015598,2.0795906641478465
PLOT-016689,2.9538258948816254
PLOT-015894,3.2815678642123713
PLOT-018733,1.9651835412226255
PLOT-016775,5.924759285647933
PLOT-015570,1.5666842095110793
PLOT-016999,1.137488046047709
PLOT-017122,0.8988746566311816
PLOT-015061,2.247006922409491
PLOT-016247,2.305775977866047
PLOT-018748,6.133917467967651
PLOT-016259,2.676743813776101
PLOT-015809,1.7878645429674578
PLOT-017292,3.6531985682437433
PLOT-016049,0.9321825469931586
PLOT-018454,2.8265104678867177
PLOT-015107,2.9378410470913443
PLOT-017153,3.5597786537630096
PLOT-015673,2.0518512992883844
PLOT-017690,1.349710500233897
PLOT-017995,3.9086036340127124
PLOT-015665,4.034175869379939
PLOT-015509,3.0882641519649487
PLOT-017179,2.8080368925844663
PLOT-016640,1.1909058719481003
PLOT-017492,2.031879382087575
PLOT-018303,2.924149512860876
PLOT-016532,3.184874434527281
PLOT-015866,3.0104158378742287
PLOT-016855,5.73825950489757
PLOT-016736,1.0810170471224985
PLOT-016060,3.786944860991596
PLOT-018536,4.551376829823244
PLOT-017105,3.045955099067778
PLOT-018419,1.0033399321903602
PLOT-016973,1.1268019928123176
PLOT-015589,1.911130636734068
PLOT-017996,5.295705584893227
PLOT-018263,3.1216781188226785
PLOT-015086,5.15084787102351
PLOT-018615,0.7283630068204399
PLOT-015771,3.032642701485885
PLOT-017954,4.190109938291456
PLOT-016249,3.1317110915991933
PLOT-015708,5.457502326245046
PLOT-017472,3.783275040232048
PLOT-017985,2.241571856012698
PLOT-018316,1.2139705474645606
PLOT-017586,1.852950951203512
PLOT-016860,1.8060871005465164
PLOT-018181,3.0655269164872516
PLOT-017128,2.284362650684897
PLOT-018305,2.0886679723303225
PLOT-018177,2.157372723058403
PLOT-015418,2.3145361617440288
PLOT-016461,2.3313347858143683
PLOT-016484,2.2117762424655494
PLOT-018609,5.603642930250921
PLOT-018465,2.687326213487038
PLOT-018600,2.9285757954865526
PLOT-015851,3.9519545799157587
PLOT-016004,4.144659147267082
PLOT-016996,2.548599439981352
PLOT-016834,3.279245927926409
PLOT-017947,2.584011897186801
PLOT-015436,1.8707483530654285
PLOT-016316,4.700055665003504
PLOT-016623,3.1843796095432535
PLOT-016480,3.8825874114216212
PLOT-016648,2.3014142670776563
PLOT-016003,3.0571565377424945
PLOT-016278,2.1131570169863907
PLOT-016823,2.7648275116800574
PLOT-018029,3.5265655613072497
PLOT-018602,1.1340868276498655
PLOT-016836,1.7881028141068873
PLOT-018554,4.415989404139078
PLOT-017352,2.4140144376436963
PLOT-017282,1.6545168305496765
PLOT-016546,2.2701386830421724
PLOT-015335,3.2575491776492194
PLOT-017617,4.129387705520888
PLOT-015088,2.116567890117115
PLOT-015874,2.0761993784972756
PLOT-018285,6.537401425914784
PLOT-015543,2.36387499731771
PLOT-016241,2.188404943596207
PLOT-017760,4.584257938715405
PLOT-016880,4.006577787022946
PLOT-018611,5.09069224443327
PLOT-018111,3.0303900305849987
PLOT-017269,2.5970423887601455
PLOT-015319,2.9512941989483985
PLOT-015519,0.8756298856008219
PLOT-017903,1.505306878533326
PLOT-015878,1.8619620647318822
PLOT-018561,2.5067617173512433
PLOT-015825,2.3797867524802165
PLOT-016290,0.9618137867092971
PLOT-018210,2.766913294431184
PLOT-018333,1.0033207899250036
PLOT-015138,3.037391590695825
PLOT-015163,5.025493182649419
PLOT-016618,2.3932910813753474
PLOT-018539,6.346368661510283
PLOT-016791,1.889784443175202
PLOT-016045,1.4234767269509148
PLOT-015960,2.285952423740628
PLOT-016750,3.3986654673444754
PLOT-018212,1.8231699474563767
PLOT-017830,2.4297810303161906
PLOT-016504,4.2887662892493434
PLOT-017889,2.243459749839324
PLOT-018692,2.15097956892317
PLOT-016059,1.6932966039157846
PLOT-017681,4.309136437387907
PLOT-018409,0.8895729437940498
PLOT-015655,2.001968353021411
PLOT-017064,0.6708810496469331
PLOT-018603,4.297125176679556
PLOT-015137,0.9184554022855224
PLOT-017946,1.1999851791982927
PLOT-016976,0.9322580552071303
PLOT-016581,2.1197735894855643
PLOT-015697,3.7557796496265845
PLOT-016097,3.1565883387972686
PLOT-017836,2.500916100195246
PLOT-018268,0.9497492837682543
PLOT-017453,3.550192857661934
PLOT-017496,2.713107556861773
PLOT-016392,2.732482598005692
PLOT-018655,3.3609282374636176
PLOT-016266,1.5068101692058948
PLOT-017375,2.4098156755422213
PLOT-017365,1.7968680756031592
PLOT-015135,1.3339204690085515
PLOT-016169,1.6862444875738523
PLOT-017574,2.637238377163818
PLOT-017135,3.350435346101511
PLOT-016503,1.7630690803578315
PLOT-016362,2.2537375346412873
PLOT-017998,2.2053020896969557
PLOT-015148,4.752495533939577
PLOT-015303,2.951335741624851
PLOT-016017,0.758859907568786
PLOT-016924,1.2229139798532551
PLOT-016052,4.388068785973953
PLOT-018423,2.085361351778826
PLOT-017413,4.178459663925289
PLOT-017637,3.0684265696026465
PLOT-018262,1.9773240617213927
PLOT-016904,3.10716348914555
PLOT-018254,2.6973765579355424
PLOT-015198,3.3793181086244375
PLOT-016768,3.049447520132718
PLOT-017240,2.600241401614998
PLOT-015404,2.776772089530921
PLOT-018328,2.4811976790824737
PLOT-018743,2.8454210223112493
PLOT-015483,2.4744043209160727
PLOT-016182,1.9076701745228104
PLOT-016339,3.2700850357421656
PLOT-016280,3.3072486346596084
PLOT-016031,3.3661605615128543
PLOT-015791,4.209137193076983
PLOT-015799,5.075071218786895
PLOT-017432,2.416764819083987
PLOT-017798,2.961370215151236
PLOT-016201,4.440179617937121
PLOT-015422,4.37528485361952
PLOT-017362,1.3748442134681391
PLOT-018716,5.641543685013944
PLOT-016883,3.645249091006863
PLOT-018684,0.2795761893616277
PLOT-016479,4.067681965997142
PLOT-017591,2.1200250809675247
PLOT-016928,0.9903750193425802
PLOT-017710,2.4039127463933023
PLOT-018147,2.995424962370475
PLOT-016529,4.270836406687879
PLOT-015902,2.2581256042765894
PLOT-017809,3.4181350591964925
PLOT-015685,5.236845741833498
PLOT-016551,4.2464545724273925
PLOT-018438,0.9234922880887877
PLOT-015159,1.1407910900918352
PLOT-015999,1.736275115470653
PLOT-018056,2.6237193341401737
PLOT-018535,2.7590404244741507
PLOT-017250,5.415437211126621
PLOT-017689,1.5335155500591064
PLOT-015112,0.6717660991492084
PLOT-018567,2.982482695250245
PLOT-016446,2.0921956975683673
PLOT-016952,3.4161500409777577
PLOT-015922,3.3133052974658788
PLOT-016624,6.675911822111704
PLOT-018228,0.794918219719976
PLOT-017853,2.8133042473343286
PLOT-016319,1.7641720562415495
PLOT-016663,2.992617668752163
PLOT-015815,3.0538144138819567
PLOT-018095,1.2942606905030518
PLOT-017266,2.2982592618061046
PLOT-016473,2.887760249160445
PLOT-016773,2.3727841419167364
PLOT-015679,2.2593749810117543
PLOT-018199,1.3446455220369202
PLOT-016093,3.217549934344726
PLOT-015080,0.7376154511159626
PLOT-016950,1.144834377114956
PLOT-018519,1.4237402994275274
PLOT-018075,0.9532924761401015
PLOT-018280,4.045590729212042
PLOT-017800,1.6482375971719718
PLOT-016239,4.390339925958765
PLOT-015329,2.80967776791083
PLOT-015242,2.859638007289401
PLOT-018073,3.8067301707535464
PLOT-015641,0.5131558445295656
PLOT-015696,4.3074684607890585
PLOT-017257,0.7442651960888029
PLOT-017818,2.692309630876036
PLOT-015753,2.3918479785022932
PLOT-015435,1.9214089157358962
PLOT-016563,2.3284311654330634
PLOT-016934,1.4092328067518642
PLOT-018457,3.1956843029520483
PLOT-016712,2.9443797623228845
PLOT-015551,1.4616262458280398
PLOT-018127,2.7455371885109403
PLOT-018255,5.02968800834789
PLOT-015601,2.0450408023096998
PLOT-016964,1.302812087474826
PLOT-016013,1.6421979751846678
PLOT-018204,3.9914473931930234
PLOT-016427,1.6928031125173981
PLOT-017012,2.336941022956722
PLOT-016386,4.720183343494199
PLOT-016295,4.620126929265139
PLOT-015466,3.7595037657252592
PLOT-016499,4.567761409991874
PLOT-018218,1.070357923509513
PLOT-018670,4.261133953455841
PLOT-015277,2.1201378450086232
PLOT-016069,2.0494432486731466
PLOT-016548,1.1909254821980944
PLOT-016024,1.6056523432051888
PLOT-016465,3.452870778329231
PLOT-017770,1.5134756598831707
PLOT-015940,1.8784359580403434
PLOT-017834,4.659553839914621
PLOT-018297,0.989085116602584
PLOT-016466,2.5128197659102107
PLOT-016323,2.503554033204909
PLOT-017675,2.258302581373681
PLOT-016399,5.458235468244017
PLOT-018099,3.6295369815167766
PLOT-016449,1.7167327181065521
PLOT-015906,3.504157896274928
PLOT-018352,1.9051873785364388
PLOT-017611,2.9995638535751117
PLOT-016895,3.67733844729816
PLOT-015388,3.508012730847124
PLOT-017070,3.8068074248966397
PLOT-017943,3.423452728790354
PLOT-017172,3.0146479985208563
PLOT-017968,4.032087490240225
PLOT-017821,3.4614336632653186
PLOT-015880,2.1395501676587534
PLOT-018425,1.3090252242144367
PLOT-015050,3.734571001795542
PLOT-016887,1.093690768267549
PLOT-016702,1.609031710853366
PLOT-018359,3.908997181290905
PLOT-015133,1.7847755084297383
PLOT-016105,3.1569840939772646
PLOT-015703,2.7695124552307657
PLOT-015482,5.009147471830127
PLOT-016145,3.479644859645297
PLOT-017038,4.785185143627221
PLOT-018673,1.4554443963863903
PLOT-015066,2.450096233591933
PLOT-018479,1.6042562133461729
PLOT-017781,3.564108586665456
PLOT-017313,1.996760963565855
PLOT-017849,1.618135587862703
PLOT-018351,5.184079489815324
PLOT-015907,3.1435916283644225
PLOT-015031,3.851131039295494
PLOT-017465,2.1187299809286397
PLOT-017929,3.604058042543997
PLOT-017680,6.656920787370628
PLOT-018551,3.042518857786677
PLOT-015010,1.636086615754288
PLOT-015064,0.9396562484992629
PLOT-015776,3.997733880243886
PLOT-015077,3.4202988739205256
PLOT-015491,2.5540773891103083
PLOT-018145,0.9749977323557535
PLOT-018273,3.9435567745078597
PLOT-017580,5.526905478946088
PLOT-017113,3.3229342895976273
PLOT-018453,0.639976634856449
PLOT-017344,4.062687237940127
PLOT-015591,1.375022714246445
PLOT-017815,1.2633837923591942
PLOT-016285,0.9743841569251467
PLOT-018269,3.8484849418930693
PLOT-015724,3.466040723557302
PLOT-017674,3.698214335346626
PLOT-018142,4.469430591078102
PLOT-018708,0.9776647421476128
PLOT-016212,2.216763475540268
PLOT-018643,3.4941775856928907
PLOT-017299,3.178124901622233
PLOT-018223,1.9904418196030758
PLOT-016637,2.645460312288403
PLOT-018581,3.9709468045636176
PLOT-018574,4.986951950719823
PLOT-018665,4.523962453200748
PLOT-015982,1.846718719331678
PLOT-015706,1.9722160574279564
PLOT-017535,3.3328886432224683
PLOT-016687,0.517473448068566
PLOT-018388,4.277807326889091
PLOT-015273,1.3997237225742387
PLOT-016709,3.8183529131711036
PLOT-018249,3.3249908250992526
PLOT-018429,5.875370383317794
PLOT-015963,2.126441222783018
PLOT-017925,1.5532509537864099
PLOT-018136,2.3380333285865587
PLOT-018573,0.8173099467866
PLOT-018706,1.2850447871911528
PLOT-017459,2.472480208732555
PLOT-018327,2.798643315205416
PLOT-018192,4.182261959072393
PLOT-016452,3.0319275741113287
PLOT-017715,0.4751172468084266
PLOT-015149,2.5758727234826972
PLOT-017692,2.0492386176251878
PLOT-017767,2.480143833037004
PLOT-016757,4.152152840401574
PLOT-015218,3.1490798022473783
PLOT-015239,2.3024012887396372
PLOT-016131,3.1717697952519956
PLOT-018390,3.4627623346751744
PLOT-017840,3.598039302557106
PLOT-017239,4.321804469274838
PLOT-017381,1.980972618955966
PLOT-016253,2.688723900497231
PLOT-016053,3.0575473653814242
PLOT-018010,2.8432356919585797
PLOT-016668,2.930681914562228
PLOT-018178,2.4031488267267815
PLOT-018712,2.0756047620139615
PLOT-016357,3.7638149734706263
PLOT-015775,2.840979392205885
PLOT-017630,2.183757684314423
PLOT-017832,2.8339850211675732
PLOT-018274,2.2653102278537043
PLOT-015839,3.493914131898355
PLOT-015627,1.7830440184914487
PLOT-015323,1.4448975015095018
PLOT-018402,2.0770795525010977
PLOT-018675,1.2126250054261043
PLOT-016867,3.550471721773271
PLOT-016160,2.320812522873145
PLOT-017826,1.6157381927727124
PLOT-016076,1.846968659826653
PLOT-017987,0.8927274529230583
PLOT-015437,3.219736839540497
PLOT-015119,4.183978776862958
PLOT-018306,2.512279021978866
PLOT-018089,2.3190788403406986
PLOT-018314,3.1650944689880056
PLOT-016814,3.5022784990906533
PLOT-016839,3.545481867911902
PLOT-016026,2.760003567070967
PLOT-015076,2.2651583158847575
PLOT-015900,1.5366050036623455
PLOT-015371,3.238024729794292
PLOT-016204,3.6242233234012224
PLOT-018186,2.7269914830820583
PLOT-018736,5.283838002321453
PLOT-015941,3.5290356751787697
PLOT-017625,3.603446045651412
PLOT-017867,1.5601675484539312
PLOT-015552,1.4998598993255803
PLOT-015406,3.6316142872702306
PLOT-017117,2.2891954079252663
PLOT-016613,2.380921041748286
PLOT-017934,1.0331642003564432
PLOT-015968,1.9614460376481042
PLOT-017833,3.6229012507614513
PLOT-018293,1.4010666207557658
PLOT-018367,3.828428214514176
PLOT-017349,1.91819520409931
PLOT-016746,3.980578490619619
PLOT-015689,2.2593615392224895
PLOT-017860,2.5837846104414464
PLOT-016738,2.471881742182037
PLOT-015236,4.188969079045175
PLOT-018592,7.270805631839501
PLOT-016986,2.4650180225850944
PLOT-016983,2.6890041037615915
PLOT-017842,3.050673889607091
PLOT-015499,1.3805128344766624
PLOT-015822,0.7430940645576336
PLOT-015794,3.058321883971069
PLOT-018278,2.825859836474738
PLOT-015990,1.8808820234625938
PLOT-015567,2.902689803673514
PLOT-017982,2.7158781038517756
PLOT-017435,2.7640180657741547
PLOT-015390,3.000004165140116
PLOT-015743,4.430584863861825
PLOT-017400,2.2893368765726096
PLOT-016217,4.464926883228546
PLOT-015235,3.332154103362804
PLOT-018467,5.437179765089205
PLOT-015480,3.6678567815051175
PLOT-017042,1.1505327818600066
PLOT-017615,2.1646639773682708
PLOT-016677,1.1702038376944102
PLOT-018442,1.3658400394221244
PLOT-018626,2.5824005408755646
PLOT-018241,0.7996469630316884
PLOT-018318,2.423215823162389
PLOT-015120,1.3686445975394481
PLOT-018487,3.837716765083259
PLOT-018072,2.4987827056880434
PLOT-016272,3.2818302760385056
PLOT-015926,6.119477627963573
PLOT-017563,3.8585820647651867
PLOT-016594,2.3859476109087394
PLOT-015223,3.2571703912164844
PLOT-015766,6.077492023286457
PLOT-015613,1.0141386969500414
PLOT-017891,3.93551258073117
PLOT-016245,3.859176122821509
PLOT-016540,0.8328484547521808
PLOT-015052,0.6604387528669445
PLOT-015529,4.0007680983638005
PLOT-017533,3.017983894144805
PLOT-016899,2.1204272984358172
PLOT-018677,2.768347734127627
PLOT-015818,2.152860585782167
PLOT-015155,3.4029558516741547
PLOT-017648,1.3542152633854603
PLOT-018612,2.8138181680284093
PLOT-015248,3.8836012878363975
PLOT-015761,1.393716313326264
PLOT-016894,3.9316048249039355
PLOT-017029,3.490738964088874
PLOT-018589,3.319357898948754
PLOT-016130,1.7543825343797843
PLOT-015542,2.8911966944899343
PLOT-015793,3.406796851496874
PLOT-016725,2.072045769870074
PLOT-018200,3.1726887252734763
PLOT-015628,1.8419452814965294
PLOT-017198,5.52849738557281
PLOT-018401,5.329658702575545
PLOT-017339,3.176552887661519
PLOT-017429,2.91204170355861
PLOT-018579,1.8074447663925064
PLOT-017734,5.229793630074231
PLOT-016367,4.81528904961794
PLOT-016620,3.237590277254324
PLOT-017945,3.7677033747233013
PLOT-018500,2.7419050602539037
PLOT-017902,4.972181833985401
PLOT-016071,4.9905288415843385
PLOT-015554,3.273955906408014
PLOT-016828,3.869506372662689
PLOT-015826,4.024191806602211
PLOT-016984,2.9939429230733787
PLOT-018450,1.642962324193181
PLOT-016837,4.344230667461484
PLOT-017939,7.17894950256173
PLOT-015535,4.464276257069743
PLOT-018361,1.405155116834894
PLOT-017663,5.283098264438181
PLOT-015154,3.4264909208884258
PLOT-018238,3.4893316542217394
PLOT-018149,2.15499129786046
PLOT-017952,4.3071616592221895
PLOT-018538,3.301799553297011
PLOT-015322,4.8258173790880505
PLOT-016710,2.502626768676353
PLOT-015014,3.7377187962719898
PLOT-016798,1.5235578406502792
PLOT-018542,2.9070454554034386
PLOT-015082,3.9797571810833294
PLOT-017560,1.9544524861613668
PLOT-016943,2.0313177533004105
PLOT-016988,1.503656776598434
PLOT-017672,4.590574975558825
PLOT-016383,3.882755227746457
PLOT-016574,4.327809731408584
PLOT-017977,3.020697970808449
PLOT-018392,2.2743667606717195
PLOT-017058,2.5699009840291374
PLOT-018617,2.2217081988585536
PLOT-016494,2.3240659910509125
PLOT-015831,4.018465283267601
PLOT-017080,1.8359709654620928
PLOT-016174,4.849974653717969
PLOT-015413,3.40832326209477
PLOT-017628,6.302194216074318
PLOT-016817,3.552099328333289
PLOT-015165,2.6233071103809595
PLOT-018236,0.9694525097420875
PLOT-018667,4.574110433901806
PLOT-015614,3.8819412461387977
PLOT-018093,2.5724465246861663
PLOT-016014,3.013745194426919
PLOT-017137,2.6420321042957977
PLOT-018462,2.65693867052427
PLOT-018452,0.8582985854745642
PLOT-017649,2.3319988620377408
PLOT-016237,1.116755533919727
PLOT-017181,1.880140741560141
PLOT-015555,2.792905331713037
PLOT-018079,1.2840216653070664
PLOT-018320,4.265277795244375
PLOT-017368,2.7994779227740363
PLOT-018530,0.6077075847360375
PLOT-016211,2.7284973074162946
PLOT-018499,0.7891753592660462
PLOT-015634,4.270606960894293
PLOT-017600,2.8317526838838205
PLOT-016055,3.3133808669215288
PLOT-017340,4.086860348713898
PLOT-016708,2.5723719134367267
PLOT-015796,2.19941539329834
PLOT-017990,5.349629127720427
PLOT-018471,1.7611781924048187
PLOT-015174,0.9937652263206038
PLOT-017814,2.1382342011492206
PLOT-015245,3.207867722768682
PLOT-016080,3.131082622108949
PLOT-016654,4.238355898822523
PLOT-018711,2.966494034901873
PLOT-015144,3.739975069535445
PLOT-015145,4.619617776259948
PLOT-015090,1.279541169129677
PLOT-015682,1.1514243916313447
PLOT-015310,1.9879488543228525
PLOT-015093,1.3751897197545124
PLOT-018322,1.9535251945087526
PLOT-016956,2.675823564337893
PLOT-015924,5.678139591110688
PLOT-018448,4.17549286111452
PLOT-016909,1.4353875521460135
PLOT-016035,8.009970653269844
PLOT-016400,1.6841390459992347
PLOT-017291,3.653080190048426
PLOT-016500,2.647142560570633
PLOT-018159,2.4347327726525245
PLOT-017262,3.1181490187536545
PLOT-016468,1.0786184414543663
PLOT-015998,2.0620289269415673
PLOT-015853,3.177913953289166
PLOT-017473,0.9454872661642205
PLOT-017204,6.72947547151655
PLOT-016142,2.252826817006903
PLOT-016143,2.494316681250356
PLOT-017274,0.5128684123022986
PLOT-017944,3.7351814124328557
PLOT-017048,3.42058666837381
PLOT-015401,2.5425105854304944
PLOT-016103,3.190389489331324
PLOT-015084,5.291825571731186
PLOT-017210,2.2196494001212095
PLOT-018620,1.2710784211364834
PLOT-015114,2.334134939327752
PLOT-017718,2.499794208861864
PLOT-018222,1.9176511508188359
PLOT-018276,5.52068368062567
PLOT-016585,3.3992214603540276
PLOT-016567,1.9949413968510235
PLOT-017937,3.0208330327959247
PLOT-016501,1.925217025148286
PLOT-016660,4.306213410940985
PLOT-016556,2.915875071411663
PLOT-017007,1.2271066245215376
PLOT-015625,3.381198693120544
PLOT-016885,1.0714649638371465
PLOT-018722,4.406835851654683
PLOT-016866,3.6590246620610523
PLOT-015952,3.566454017597488
PLOT-017855,3.8597720401283353
PLOT-017306,1.0172400627964593
PLOT-015624,1.7585626428723986
PLOT-017874,2.5375995902079262
PLOT-015234,4.438866141709471
PLOT-017183,2.5980871735367588
PLOT-017664,4.325191287555102
PLOT-018267,2.235743816709457
PLOT-017884,3.2144814123885586
PLOT-017890,1.952739814001832
PLOT-017034,1.2383179734305587
PLOT-018007,3.3290094466224667
PLOT-016826,4.257138816825372
PLOT-018571,2.1034851741422345
PLOT-017640,2.7722598431355987
PLOT-016314,0.9849226449185241
PLOT-016525,4.220901423701333
PLOT-016562,2.7823196260306258
PLOT-016752,2.2096381894896675
PLOT-016605,5.533575197974835
PLOT-015343,2.1293325910001255
PLOT-018726,1.480000860297385
PLOT-017341,2.0351296066413127
PLOT-017412,4.5569426874790135
PLOT-017226,1.7748748074372076
PLOT-017707,4.849219813561206
PLOT-015996,2.98198806564245
PLOT-017062,2.53461144067242
PLOT-016110,1.4401712239560267
PLOT-017213,1.9555374491172497
PLOT-018203,0.7309900752567546
PLOT-016359,2.7196490187082287
PLOT-017107,1.8841056339409097
PLOT-015709,4.234187880258173
PLOT-016878,1.3251472516053482
PLOT-017724,4.410909352757371
PLOT-016378,3.3538772553529808
PLOT-017828,2.4863832476748513
PLOT-015424,3.164095151746305
PLOT-015292,4.161673118237573
PLOT-016065,5.001703791467651
PLOT-017921,6.117081897428216
PLOT-017377,2.3603839377602887
PLOT-016638,3.0441040556263332
PLOT-017477,2.7609774924135166
PLOT-016012,2.0718066879543744
PLOT-017127,2.807404294509186
PLOT-016717,2.8154482237867984
PLOT-018100,4.635667780509461
PLOT-015937,1.8340743678137248
PLOT-015834,1.2649335709702716
PLOT-017797,1.5337122910579566
PLOT-017938,2.6399295643010094
PLOT-015254,2.7860981366721416
PLOT-018495,3.3959651392081045
PLOT-016482,2.9243937967061244
PLOT-018721,2.285965894280434
PLOT-016407,1.957838862475213
PLOT-018156,3.0348616570060196
PLOT-018649,2.2186631514232538
PLOT-017184,2.5994502306072347
PLOT-018183,2.778572212091848
PLOT-018266,1.714017984820053
PLOT-017900,2.0760294074532752
PLOT-018250,3.5636675362873165
PLOT-015723,5.229370360426447
PLOT-017907,2.5419738282293074
PLOT-015969,4.3503621812853845
PLOT-015496,1.9023960956659451
PLOT-015950,1.3292052711215763
PLOT-015805,1.802688959188889
PLOT-016829,2.449434426783419
PLOT-017177,0.6446350971194988
PLOT-016739,2.369084899280737
PLOT-015337,1.387343404308675
PLOT-015730,2.307277071055792
PLOT-015608,0.2911342774850329
PLOT-016148,3.385387881046916
PLOT-017243,0.6707803638977411
PLOT-018298,0.8666794961749733
PLOT-016713,3.9280108303856895
PLOT-018340,0.8566743256768035
PLOT-018738,2.3942738885144426
PLOT-015909,2.5171065677537503
PLOT-017632,3.1836830480562655
PLOT-017151,2.350133203755509
PLOT-017010,2.3285428079572603
PLOT-017491,3.330705030241993
PLOT-018631,2.791249949349612
PLOT-016810,3.458384822671255
PLOT-016994,1.0766370886624481
PLOT-015719,2.6956137889152263
PLOT-017932,2.132199334403939
PLOT-017824,0.9626118134676457
PLOT-016569,2.023537431624107
PLOT-017897,2.3598629037493026
PLOT-017942,0.8090989331150819
PLOT-017275,2.547391930395017
PLOT-015434,1.8518284573285289
PLOT-016299,2.203660262436548
PLOT-017174,3.293892078569084
PLOT-015405,2.0255664992079874
PLOT-017823,3.0470390706084896
PLOT-015821,3.452633197333851
PLOT-017759,1.7640204636849584
PLOT-016789,1.7597740878020849
PLOT-018674,4.206839608473549
PLOT-018108,2.6834908225127028
PLOT-018211,4.4443304736364375
PLOT-017351,2.192411328475284
PLOT-017315,1.6768008842178979
PLOT-016858,5.517395854596297
PLOT-016557,1.9748341759361472
PLOT-015545,2.7944182345271718
PLOT-015212,2.7386082623475816
PLOT-015896,3.849662949523119
PLOT-018270,1.9712918340883419
PLOT-016941,2.4482639660389753
PLOT-016891,3.6043376393386413
PLOT-015916,3.322012273948381
PLOT-017723,2.545258130240016
PLOT-016289,1.053647508519977
PLOT-015814,5.869374357942972
PLOT-016265,1.2478369074526416
PLOT-015342,1.4409156906558407
PLOT-017597,2.8276351561129673
PLOT-016410,3.053747963700644
PLOT-016214,3.3998326678465722
PLOT-015966,4.635573757775213
PLOT-016230,3.49283144506093
PLOT-017343,2.26633117971489
PLOT-015695,2.9764242553314757
PLOT-017121,2.5468832005062603
PLOT-015605,3.171618602062512
PLOT-015104,2.981794024278391
PLOT-015645,2.1791270878905755
PLOT-016404,2.5828411503309012
PLOT-015494,2.5234362009931863
PLOT-018088,2.1938481209539593
PLOT-017487,2.811889945501992
PLOT-016019,3.688231810682226
PLOT-015091,4.906314743923466
PLOT-016112,2.38206357173633
PLOT-018741,3.875406034266675
PLOT-015908,2.4490605624607125
PLOT-016474,3.0702255322865017
PLOT-016741,3.3751025774243453
PLOT-017150,1.838065360505778
PLOT-015238,2.9829022808324637
PLOT-018466,2.711995760345161
PLOT-015942,2.4933749131115497
PLOT-016270,2.56865091108126
PLOT-015938,2.034024820757289
PLOT-016424,5.128862968973004
PLOT-018229,0.767018215402155
PLOT-016862,1.9436368804549513
PLOT-016669,2.392997023143214
PLOT-015005,1.7057463907107855
PLOT-015247,3.2526202066116547
PLOT-018013,4.2129534557807125
PLOT-015018,2.3290924255811216
PLOT-017169,2.0650946748331576
PLOT-016970,3.6334132096546043
PLOT-017709,2.050703995204314
PLOT-017232,3.49642168005419
PLOT-017322,1.2172838855934665
PLOT-017481,4.7834484175051735
PLOT-015811,2.09058265541086
PLOT-016300,1.62798953555885
PLOT-016335,1.5905903391821514
PLOT-018632,3.7041377666881865
PLOT-015260,3.3461183890632356
PLOT-016804,2.9952324740257428
PLOT-016570,3.631531921098479
PLOT-017229,3.8820832279667923
PLOT-015184,1.031690173842133
PLOT-017454,3.5619499316726864
PLOT-016743,2.5856390908875686
PLOT-017913,2.7496173076414547
PLOT-016630,3.45301718109984
PLOT-016716,1.0230135595274168
PLOT-015520,1.286472972055362
PLOT-018051,2.8188020838354584
PLOT-017428,2.9270484940976025
PLOT-017016,5.223952337503645
PLOT-016658,3.578137567603778
PLOT-018441,3.8165890769104633
PLOT-016612,2.1355515164007066
PLOT-017475,1.8290862240758072
PLOT-017126,4.109234479276879
PLOT-018057,0.9002758636820507
PLOT-018734,2.689555330542562
PLOT-015607,7.47801513647911
PLOT-015230,3.922361996381334
PLOT-018140,1.2495872413699483
PLOT-015331,2.126478161094523
PLOT-018105,1.284011078429254
PLOT-016440,2.274001025813436
PLOT-016927,2.153933521007844
PLOT-016091,1.4990574040833131
PLOT-016101,4.109297442695338
PLOT-016129,3.544077628114006
PLOT-018283,2.154687461319975
PLOT-015461,1.7461114160643783
PLOT-015958,1.512957539390694
PLOT-016662,1.6699290786653778
PLOT-015559,2.4609361482118826
PLOT-017894,4.328164895851569
PLOT-017738,0.5736784753168892
PLOT-018526,2.605781850940437
PLOT-016519,1.276678624659653
PLOT-017140,3.275949200852798
PLOT-018630,1.9664173876391957
PLOT-017032,4.991519198854672
PLOT-017484,2.7521317228770115
PLOT-017538,0.7641370538544686
PLOT-017097,1.2802543049128092
PLOT-018435,3.1841456913797708
PLOT-018565,1.9907307035829873
PLOT-015069,3.7671243881316503
PLOT-016572,1.9793519446298697
PLOT-015808,1.6545190520600277
PLOT-018232,2.2760435888683337
PLOT-015011,0.6367470343105481
PLOT-017025,3.526366169013838
PLOT-017192,2.1456130629165924
PLOT-015917,2.9677986432333245
PLOT-016451,3.2403088157589717
PLOT-017687,3.583761144583615
PLOT-015176,2.606143157950243
PLOT-015994,2.569531645215828
PLOT-017488,3.1425529905660112
PLOT-017569,4.153221249497224
PLOT-018740,3.9750446789722966
PLOT-018052,3.7988674469634205
PLOT-016255,2.977345631060565
PLOT-018282,3.5743363254155667
PLOT-016664,2.1734412478090643
PLOT-017191,3.9314238894209126
PLOT-017801,0.9949871575631409
PLOT-017567,2.13811494234769
PLOT-018370,1.476151795896867
PLOT-017870,1.8155163244034322
PLOT-016790,3.0323408618619663
PLOT-017476,5.840841697193251
PLOT-017660,1.3255347102520616
PLOT-018080,2.461447803248176
PLOT-015156,4.112321297596804
PLOT-017587,3.490507828683032
PLOT-016460,2.2004102190359545
PLOT-017046,1.8112514562168154
PLOT-018338,1.3639027508210808
PLOT-016850,1.583263543569345
PLOT-017509,0.2612158823895747
PLOT-017624,3.791315599100872
PLOT-018410,3.180716897689434
PLOT-017303,3.020845879678527
PLOT-018027,1.8751290618110528
PLOT-017005,4.9892238365987005
PLOT-016185,2.022926322143863
PLOT-016006,1.2512049725294199
PLOT-015560,5.518779128091704
PLOT-017256,2.601075825033001
PLOT-015910,4.777920776253947
PLOT-016311,5.879484006000609
PLOT-017049,3.6335215782118993
PLOT-018413,2.3250745200054084
PLOT-015269,2.3999928100971895
PLOT-016993,4.130406815106121
PLOT-015265,2.4813065991708525
PLOT-015914,2.6495450905423237
PLOT-017278,3.3787036354424522
PLOT-017231,1.7025920468663658
PLOT-018167,3.2166738056946547
PLOT-018732,3.0866902862098304
PLOT-017912,2.5715145799853913
PLOT-018114,3.6110595268835217
PLOT-015873,3.310124604962198
PLOT-017093,1.893120757047295
PLOT-017446,2.2466305005373117
PLOT-015475,2.438938511269915
PLOT-016652,3.10084791108698
PLOT-016960,5.3834825261028705
PLOT-015045,3.1032649418571467
PLOT-015161,4.6949816219764715
PLOT-018039,3.2405639976653844
PLOT-017775,2.100867490783232
PLOT-017677,2.066055322380003
PLOT-015288,2.0523326131686446
PLOT-018107,2.817769084724377
PLOT-018718,0.8322882014736469
PLOT-016948,2.1472382221262962
PLOT-015575,4.214522814597855
PLOT-015850,2.460805246730225
PLOT-018387,3.8098923385436136
PLOT-015911,1.8436813710183495
PLOT-016254,6.145836718048978
PLOT-016833,1.5614314823903328
PLOT-016722,2.081027464420541
PLOT-017133,1.4708588123244206
PLOT-016735,3.9626855725075436
PLOT-015932,3.2557153428130996
PLOT-016100,4.156354368925784
PLOT-016207,1.9747910637859125
PLOT-017295,1.232670614310444
PLOT-016843,0.6014445588338554
PLOT-016848,2.8573499272300236
PLOT-017524,3.600923747855368
PLOT-016694,3.4275971797697093
PLOT-015085,3.186227470312665
PLOT-015469,4.507538916447666
PLOT-017273,0.7591324153048615
PLOT-017822,4.014858701129244
PLOT-017379,2.9800252173304704
PLOT-015233,3.0881530857167903
PLOT-017636,1.1152280707949507
PLOT-017523,2.3007777836777143
PLOT-018332,3.6706165434643307
PLOT-018699,2.1690736957142502
PLOT-017647,3.6488528584105007
PLOT-017469,2.745487147629071
PLOT-016711,2.5840904592791905
PLOT-015182,0.6208748099624558
PLOT-015988,3.485292684890459
PLOT-016000,2.463386797044367
PLOT-016641,1.5042407253276253
PLOT-016356,3.128051830785051
PLOT-016462,1.6086642350545126
PLOT-015049,2.20992722173356
PLOT-018637,1.0236526651965487
PLOT-018077,1.4319938959011662
PLOT-017577,3.6349204790051375
PLOT-016258,1.4818294476671192
PLOT-015486,4.325993570083567
PLOT-018715,1.1439774997874939
PLOT-017545,2.9202958244471504
PLOT-016908,3.3681844898394404
PLOT-015106,2.38116613311439
PLOT-015443,5.180657203612222
PLOT-016954,4.14475264243017
PLOT-018560,2.819406113065826
PLOT-015646,2.880623318365443
PLOT-018084,3.841084446558087
PLOT-016762,0.8356414977508895
PLOT-015726,2.733371927383705
PLOT-017238,1.5170127669904863
PLOT-016856,2.956908031438391
PLOT-017330,4.660734824657593
PLOT-015029,1.1011826343246665
PLOT-015169,3.6933959670972976
PLOT-016001,2.531833678497885
PLOT-018252,2.4735880801291357
PLOT-017148,2.3621829803780576
PLOT-015197,1.9859509707884204
PLOT-015495,3.0204860558168556
PLOT-017026,2.332422418318777
PLOT-015647,1.8929959844840736
PLOT-018035,1.1307473739366458
PLOT-015044,5.086426899483066
PLOT-017758,2.9370732202148195
PLOT-015373,2.496375283624843
PLOT-015678,3.472765637423397
PLOT-015566,5.062459768497213
PLOT-017895,2.063332200296387
PLOT-015460,3.3721082752623937
PLOT-016932,2.3926860345142225
PLOT-018485,1.5473476713774033
PLOT-016155,3.1168668213208672
PLOT-015039,2.3579575401947777
PLOT-017482,1.4236172126195425
PLOT-015973,2.9358534230864053
PLOT-018287,1.20243953496027
PLOT-018055,3.843538448945802
PLOT-018627,1.1904029246302141
PLOT-018638,2.2491199748705437
PLOT-016786,1.1747145191187711
PLOT-016498,2.778369441891518
PLOT-017504,4.600150693945901
PLOT-016835,3.368131125011258
PLOT-017308,1.918257566762657
PLOT-016840,1.8398501952412074
PLOT-017083,3.7221859060954308
PLOT-015827,4.797472455223367
PLOT-016935,2.821605293856069
PLOT-017044,5.564350640083991
PLOT-015309,1.743662911244852
PLOT-015276,2.6808524707108994
PLOT-015636,4.150727525912541
PLOT-015654,2.8810692357108016
PLOT-015622,3.042705300743813
PLOT-016859,3.079640081197787
PLOT-015844,3.797146869406057
PLOT-015393,3.3630604078242077
PLOT-017155,6.551343792407865
PLOT-015349,2.111922887483484
PLOT-017572,1.164412749523156
PLOT-015784,2.027464477788298
PLOT-015047,3.144256005347291
PLOT-016978,3.7037575914139764
PLOT-017251,3.5770843989735432
PLOT-018651,3.3175513066348707
PLOT-016655,3.18477526618735
PLOT-017069,3.439221139294378
PLOT-015402,2.7452573494785515
PLOT-016107,2.5211082598079
PLOT-016154,3.9016277294692077
PLOT-016439,3.365286416599016
PLOT-018749,1.6174780803766402
PLOT-017001,3.8839246646433385
PLOT-015989,1.7185436139346635
PLOT-016865,2.551317728692842
PLOT-017789,3.59894576253589
PLOT-016310,1.7873007533765255
PLOT-018195,1.7505407429682316
PLOT-015033,1.2716609550613103
PLOT-015787,3.4465509860477552
PLOT-018588,4.957441130017113
PLOT-017971,2.1015835389432542
PLOT-016043,2.9537232094984542
PLOT-015481,2.249681075421467
PLOT-016243,3.378947005954049
PLOT-017627,1.429181195477819
PLOT-017529,0.5193638975944872
PLOT-015931,1.8575079863837298
PLOT-017404,2.442077518657135
PLOT-016685,1.2689718155515262
PLOT-016248,1.5029031639129855
PLOT-015759,2.433876440409634
PLOT-015092,3.34331428537389
PLOT-016175,1.9781391486911297
PLOT-016415,2.346007237165556
PLOT-016341,2.4520562326539515
PLOT-016472,2.481271036065406
PLOT-017851,1.417396388199102
PLOT-017793,2.3648127658280886
PLOT-018594,2.247676443540168
PLOT-017327,2.4105725915368375
PLOT-016607,4.102277649315733
PLOT-015764,1.4889108799986772
PLOT-017652,4.410242990132263
PLOT-018747,3.5068951676078277
PLOT-016373,2.817391087181724
PLOT-016951,2.579864616620368
PLOT-018446,2.4324617078761928
PLOT-017448,1.896563015836087
PLOT-016728,0.658679675948415
PLOT-015257,2.418660506183366
PLOT-015944,1.3377807914459607
PLOT-018144,1.6243624729607617
PLOT-016219,2.8814075413549776
PLOT-018555,4.861156496066465
PLOT-016161,1.3322204962633633
PLOT-017542,4.964150017326473
PLOT-015772,1.343451653967573
PLOT-017598,4.915805905950182
PLOT-016486,2.2459172752959704
PLOT-017249,3.3033721902258257
PLOT-015312,0.9061512091895303
PLOT-015290,1.9661866126014114
PLOT-018261,2.2636447736684975
PLOT-015763,1.2724572043031817
PLOT-018184,1.1925092364004077
PLOT-017997,4.136375040302981
PLOT-015183,1.722925511684018
PLOT-016176,1.1933311670422522
PLOT-016349,3.9238478723272845
PLOT-018116,1.8219492258283314
PLOT-018516,2.1781091952688283
PLOT-018078,5.819898419406031
PLOT-017298,3.977108699172681
PLOT-017871,1.5973390393524878
PLOT-016099,2.7820439837529536
PLOT-018584,3.752475828301194
PLOT-017988,0.9616377685386018
PLOT-015391,0.6934052504904414
PLOT-016919,3.2392819404207707
PLOT-016456,1.3120130696228478
PLOT-016092,2.509365946059671
PLOT-017022,1.9107876491718117
PLOT-018239,4.180328696043091
PLOT-015904,2.2685443466490107
PLOT-017778,2.8651194284040127
PLOT-017602,3.634042946369161
PLOT-015366,4.461591259506126
PLOT-015345,3.181972384842062
PLOT-018656,2.135534650858459
PLOT-017583,2.5721659168746944
PLOT-018470,2.537420993083099
PLOT-018257,2.2221525125362533
PLOT-016372,2.632087934323335
PLOT-016639,4.809339982306492
PLOT-015919,3.21781471552858
PLOT-015211,2.5026533512310705
PLOT-016603,2.827577316004815
PLOT-017550,3.8898946180253886
PLOT-015537,3.422078639529681
PLOT-016220,3.3047865408795314
PLOT-015175,0.8117862493546256
